id,word,phonetic,meaning,category,wrong_answer,error_note,tip,unit,status,mastered_modes,confused_with,correct_count,created_at,last_practiced_at,batch_id
,单词,音标,释义,unlearned,诗颖写了,错误分析,提示,,pending,,,0,,,
,he,hiː; hi,pron*.他,unlearned,him,主/宾格混淆,he是主语him是宾语,,pending,,,0,,,
,she,ʃiː; ʃi,pron*.她,unlearned,her,主/宾格混淆,she是主语her是宾语,,pending,,,0,,,
,the,ðə,art*.(用以泛指)；(解说时用),unlearned,(未填),未填写,未填写，需重点学习,,pending,,,0,,,
,such,sʌtʃ,"det*.,*pron*.这样;这样的,那样的",unlearned,something,词义混淆,such=这样/那样的,,pending,,,0,,,
,swim,swɪm,v*.游泳;游动,unlearned,swiming,加了ing,原形不加ing; swimming才是ing,,pending,,,0,,,
,cousin,ˈkʌzn,n*. 同辈表亲,unlearned,cosin,漏字母u,cousin=cou+sin,,pending,,,0,,,
,restaurant,ˈrestrɒnt,n*.餐馆；餐厅,unlearned,restrant,漏字母au,res-tau-rant,,pending,,,0,,,
,factory,ˈfæktri; ˈfæktəri,n*.工厂,unlearned,(未填),未填写,未填写，需重点学习,,pending,,,0,,,
,of,əv; ɒv,prep*.属于…的;关于,unlearned,(未填),未填写,未填写，需重点学习,,pending,,,0,,,
,so,səʊ,adv*.如此，极;那么；这样 *conj*.所以,unlearned,(未填),未填写,未填写，需重点学习,,pending,,,0,,,
,wednesday,ˈwenzdeɪ,n*.星期三,unlearned,wesneday,漏字母d,Wed-nes-day拆三音节,,pending,,,0,,,
,colourful,ˈkʌləf(ə)l,adj*.丰富多彩的;五彩缤纷的,unlearned,colorful,英/美拼写,教材用英式colourful,,pending,,,0,,,
,raise,reɪz,v*.提升，举起;增加;筹募;抚养,unlearned,rise,近词混淆,"raise及物（举起）,rise不及物（升起）",,pending,,,0,,,
,country,ˈkʌntri,n*. 国家,unlearned,contry,漏字母u,coun-try,,pending,,,0,,,
,juice,dʒuːs,n*.果汁;菜汁,unlearned,jugec,拼写逆序,ju-ice（果汁有ice）,,pending,,,0,,,
,schoolbag,ˈskuːlbæɡ,n*.书包,unlearned,sholdbag,拼写错,school+bag,,pending,,,0,,,
,colour,ˈkʌlə(r),n*.颜色 *v*.为…着色,unlearned,color,英/美拼写,"英式colour, 美式color",,pending,,,0,,,
,web,web,n*.万维网,unlearned,weiber,完全写错,"web=网, 记住we+b",,pending,,,0,,,
,want,wɒnt,v*.想要;需要,unlearned,wand,多字母d,wan-t,,pending,,,0,,,
,writer,ˈraɪtə(r),n*.作家,unlearned,write,忘了+er,write+er=writer,,pending,,,0,,,
,exercise,ˈeksəsaɪz,n*.锻炼；练习 *v*.锻炼,unlearned,exesrice,拼写混乱,ex-er-cise拆三段记,,pending,,,0,,,
,clothes,kləʊðz,n*.衣服；服装,unlearned,close,漏th,clothes有th（衣服）,,pending,,,0,,,
,ski,skiː,v*.滑雪,unlearned,sky,近音混淆,"ski滑雪, sky天空",,pending,,,0,,,
,biology,baɪˈɒlədʒi,n*.生物学,unlearned,(未填),未填写,未填写，需重点学习,,pending,,,0,,,
,geography,dʒiˈɒɡrəfi,n*.地理,unlearned,(未填),未填写,未填写，需重点学习,,pending,,,0,,,
,over,ˈəʊvə(r),adv*.结束;穿过;又 *prep*.遍及;在…上面;穿越,unlearned,(未填),未填写,未填写，需重点学习,,pending,,,0,,,
,subject,ˈsʌbdʒɪkt; ˈsʌbdʒekt,n*.科目,unlearned,(未填),未填写,未填写，需重点学习,,pending,,,0,,,
,thursday,ˈθɜːzdeɪ,n*.星期四,unlearned,(未填),未填写,未填写，需重点学习,,pending,,,0,,,
,by,baɪ,prep*.(表示方式)；在…旁边;在…之前,unlearned,(未填),未填写,未填写，需重点学习,,pending,,,0,,,
,seldom,ˈseldəm,adv*.不常，很少,unlearned,(未填),未填写,未填写，需重点学习,,pending,,,0,,,
,tidy,ˈtaɪdi,adj*.整洁的 *v*.使整洁,unlearned,(未填),未填写,未填写，需重点学习,,pending,,,0,,,
,club,klʌb,n*.俱乐部；社团,unlearned,(未填),未填写,未填写，需重点学习,,pending,,,0,,,
,tuesday,ˈtjuːzdeɪ,n*.星期二,unlearned,(未填),未填写,未填写，需重点学习,,pending,,,0,,,
,question,ˈkwestʃən,n*. 问题,unlearned,(未填),未填写,未填写，需重点学习,,pending,,,0,,,
,during,ˈdjʊərɪŋ,prep*.在…期间,unlearned,(未填),未填写,未填写，需重点学习,,pending,,,0,,,
,badminton,ˈbædmɪntən,n*. 羽毛球运动,unlearned,(未填),未填写,未填写，需重点学习,,pending,,,0,,,
,tai chi,ˌtʌɪ ˈtʃiː,n*.太极,unlearned,(未填),未填写,未填写，需重点学习,,pending,,,0,,,
,survey,ˈsɜːveɪ,n*. 民意调查,unlearned,(未填),未填写,未填写，需重点学习,,pending,,,0,,,
,shorts,ʃɔːts,n*.短裤,unlearned,(未填),未填写,未填写，需重点学习,,pending,,,0,,,
,race,reɪs,n*.赛跑;速度竞赛,unlearned,(未填),未填写,未填写，需重点学习,,pending,,,0,,,
,side,saɪd,n*.一边;一侧,unlearned,(未填),未填写,未填写，需重点学习,,pending,,,0,,,
,even,ˈiːv(ə)n,adv*.甚至，连；更加,unlearned,(未填),未填写,未填写，需重点学习,,pending,,,0,,,
,sometimes,ˈsʌmtaɪmz,adv*.有时,unlearned,sometime,漏末尾s,some-times,,pending,,,0,,,
,text,tekst,n*.文章;文本，正文;课本,unlearned,test,近词混淆,"text有x（课本）, test有t（考试）",,pending,,,0,,,
,grandparent,ˈɡrænpeərənt,n*.祖父;祖母;外祖父;外祖母,unlearned,(未填),未填写,未填写，需重点学习,,pending,,,0,,,
,chore,tʃɔː(r),n*. 日常事务;例行工作,unlearned,(未填),未填写,未填写，需重点学习,,pending,,,0,,,
,weekend,ˌwiːkˈend,n*.周末,unlearned,(未填),未填写,未填写，需重点学习,,pending,,,0,,,
,mrs,ˈmɪsɪz,abbr*.夫人,unlearned,(未填),未填写,未填写，需重点学习,,pending,,,0,,,
,mr,ˈmɪstə(r),abbr*.先生,unlearned,mister,缩写格式,缩写Mr.不写全称,,pending,,,0,,,
,climate,ˈklaɪmət,n*.气候,unlearned,cilmate,字母顺序,cli-mate,,pending,,,0,,,
,may,/meɪ/,modalv.可以;也许,unlearned,may,需大写,月份要大写May,,pending,,,0,,,
,sale,/seɪl/,n.特价销售;出售,unlearned,sell,近音混淆（名/动）,"sale是名词, sell是动词",,pending,,,0,,,
,plan,/plæn/,"v.计划,谋划;打算 n.计划;",unlearned,plane,多加了e,"plan=计划, plane=飞机",,pending,,,0,,,
,piece,/piːs/,n.片;块,unlearned,peace,近音混淆,"piece=片/块, peace=和平",,pending,,,0,,,
,quick,/kwɪk/,adj.快的;迅速的,unlearned,quite,近形混淆,"quick=快的, quite=相当",,pending,,,0,,,
,litter,/'lɪtə(r)/,v.乱扔 n.垃圾,unlearned,letter,i/e混淆,"litter=垃圾, letter=信",,pending,,,0,,,
,throw,/θrəʊ/,v.投;扔,unlearned,through,首字母,"throw=扔, through=穿过",,pending,,,0,,,
,safe,/seɪf/,adj.处境,unlearned,self,fa→lf,"safe=安全的, self=自己",,pending,,,0,,,
,shake,/ʃeɪk/,v.摇动;抖动,unlearned,shock,ea→o,"shake=摇动, shock=震惊",,pending,,,0,,,
,arrive,/ə'raɪv/,v.到达,unlearned,arriv,漏了e,arrive结尾有e,,pending,,,0,,,
,alone,/ə'ləʊn/,"adv.,adj.独自",unlearned,along,ne→ng,"alone=独自, along=沿着",,pending,,,0,,,
,fair,/feə(r)/;/fer/,adj.公正的;公道的,unlearned,fear,元音互换,"fair=公平, fear=害怕",,pending,,,0,,,
,law,/lɔː/,n.法律;法规,unlearned,low,a→o,"law=法律, low=低",,pending,,,0,,,
,drama,/'drɑːmə/,n.戏;剧,unlearned,dram,漏了a,drama结尾有a,,pending,,,0,,,
,kick,/kɪk/,v.踢;射门得分 n.踢,unlearned,cick,k→c,kick以k开头,,pending,,,0,,,
,divide,/dɪ'vaɪd/,"v.(使)分开,分割, 分成",unlearned,deride,完全混淆,"divide=除/分, deride=嘲笑",,pending,,,0,,,
,means,/miːnz/,n.方式;方法;途径,unlearned,mines,近音混淆,"mean+s, 不是mine+s",,pending,,,0,,,
,loss,/lɒs/;/lɔːs/,n.丧失;损失,unlearned,lose,名/动混淆,"loss是名词, lose是动词",,pending,,,0,,,
,salt,/sɔːlt;sɒlt/,"n.盐,食盐",unlearned,solt,a→o,salt拼写为s-a-l-t,,pending,,,0,,,
,cabbage,/'kæbɪdʒ/,n.甘蓝;卷心菜,unlearned,cabage,漏了一个b,cabbage双b,,pending,,,0,,,
,same,/seɪm/,adj.相同的,unlearned,silm,完全错误,same=s-a-m-e,,pending,,,0,,,
,beginning,/bɪ'ɡɪnɪŋ/,n.开头;开端,unlearned,begining,漏了一个n,beginning双n,,pending,,,0,,,
,just,/dʒʌst/,adv.仅仅;只是;刚好;刚才,unlearned,juge,完全错误,just=j-u-s-t,,pending,,,0,,,
,special,/'speʃl/,"adj.特殊的,特别的; 特设的 n.特别活动；特价",unlearned,speaci,完全错误,special=s-p-e-c-i-a-l,,pending,,,0,,,
,collect,/kə'lekt/,v.收集;采集,unlearned,cottet,完全错误,collect=c-o-l-l-e-c-t,,pending,,,0,,,
,knock,/nɒk/;/nɑːk/,v.敲;击 n.敲击声; 敲门,unlearned,nock,漏了一个k,knock以kn开头,,pending,,,0,,,
,door,/dɔː(r)/,n.门,unlearned,doll,完全错误,door=d-o-o-r,,pending,,,0,,,
,plastic,/'plæstɪk/,adj.塑料的 n.塑料,unlearned,plastick,多了k,plastic以c结尾非ck,,pending,,,0,,,
,habit,/'hæbɪt/,n.习惯,unlearned,habbit,多了一个b,habit单b,,pending,,,0,,,
,row,/rəʊ/,v.划,unlearned,roaw,多了a,row=r-o-w,,pending,,,0,,,
,unforgettable,/ˌʌnfə'getəbl/;/ˌʌnfər'getəbl/,adj.令人难忘的,unlearned,unforgetable,漏了一个t,unforgettable双t,,pending,,,0,,,
,famous,/'feɪməs/,adj.著名的;出名的,unlearned,farmous,元音错,famous=f-a-m-o-u-s,,pending,,,0,,,
,title,/'taɪtl/,"n.标题,题目",unlearned,tittle,多了t,title=t-i-t-l-e单t,,pending,,,0,,,
,mine,/maɪn/,pron.我的 n.矿;矿井,unlearned,main,近音混淆,"mine=我的, main=主要的",,pending,,,0,,,
,website,/'websaɪt/,n.网站,unlearned,webest,完全错误,website=web+site,,pending,,,0,,,
,office,/'ɒfɪs/;/'ɑːfɪs/,n.办公室,unlearned,officer,加了r,"office不加r, officer是警官",,pending,,,0,,,
,postoffice,/ˈpəʊstɒfɪs/,n.邮局,unlearned,postofficer,加了r,postoffice不加r,,pending,,,0,,,
,elder,/'eldə(r)/,n.长者;长辈,unlearned,older,混淆,"elder=长辈的, older=更老的",,pending,,,0,,,
,advice,/əd'vaɪs/,n.劝告;建议,unlearned,advices,加了s,advice不可数不加s,,pending,,,0,,,
,person,/'pɜːsn/;/'pɜːrsn/,n.人;个人,unlearned,personal,加了al,"person是名词, personal是形容词",,pending,,,0,,,
,business,/'bɪznəs/,n.商业;生意,unlearned,bisines,拼写混乱,busi-ness,,pending,,,0,,,
,court,/kɔːt/;/kɔːrt/,n.球场;法院,unlearned,cort,漏了u,court=c-o-u-r-t,,pending,,,0,,,
,swimmingpool,/ˈswɪmɪŋpuːl/,n.游泳池;游泳馆,unlearned,swimming,只写了前半,swimming+pool,,pending,,,0,,,
,practice,/'præktɪs/,v.训练;练习,unlearned,practies,ce→s,practice以ce结尾,,pending,,,0,,,
,hole,/həʊl/,n.洞;孔;坑,unlearned,houl,ou代替o+e,hole=h-o-l-e,,pending,,,0,,,
,channel,/'tʃænl/,n.水道;航道,unlearned,chanl,漏了一个n,channel双n,,pending,,,0,,,
,tunnel,/ˈtʌnl/,n.地下通道;隧道,unlearned,tunle,字母顺序,tunnel双n,,pending,,,0,,,
,spend,/spend/,"v.度过;用,花",unlearned,(未填),未填写,未填写，需重点学习,,pending,,,0,,,
,strawberry,/'strɔ:bəri/;/'strɔːberi/,n.草莓,unlearned,(未填),未填写,未填写，需重点学习,,pending,,,0,,,
,trousers,/'traʊzəz/;/'traʊzərz/,n.(pl.)裤子,unlearned,(未填),未填写,未填写，需重点学习,,pending,,,0,,,
,example,/ɪg'zɑːmpl/;/ɪg'zæmpl/,n.例子; 实例,unlearned,(未填),未填写,未填写，需重点学习,,pending,,,0,,,
,sandwich,/'sænwɪtʃ;'sænwɪdʒ/,n.三明治,unlearned,(未填),未填写,未填写，需重点学习,,pending,,,0,,,
,scissors,/'sɪzəz/;/'sɪzərz/,n.(pl.)剪刀,unlearned,(未填),未填写,未填写，需重点学习,,pending,,,0,,,
,cycle,/'saɪkl/,n.循环,unlearned,(未填),未填写,未填写，需重点学习,,pending,,,0,,,
,off,/ɒf/;/ɔːf/,adv.(用以表示除去了某物);休假；休息,unlearned,(未填),未填写,未填写，需重点学习,,pending,,,0,,,
,reuse,/ˌriː'juːz/,v.再次使用;重复使用,unlearned,(未填),未填写,未填写，需重点学习,,pending,,,0,,,
,valuable,/'væljuəbl/,adj.宝贵的,unlearned,(未填),未填写,未填写，需重点学习,,pending,,,0,,,
,coastline,/ˈkəʊstlaɪn/,n.海岸线;沿海地带,unlearned,(未填),未填写,未填写，需重点学习,,pending,,,0,,,
,machine,/mə'ʃiːn/,"n.机器,机械装置;计算机，电脑",unlearned,(未填),未填写,未填写，需重点学习,,pending,,,0,,,
,rubbish,/'rʌbɪʃ/,n.垃圾;废弃物,unlearned,(未填),未填写,未填写，需重点学习,,pending,,,0,,,
,across,/ə'krɒs/;/ə'krɔːs/,"adv.,prep.从一边到另一边；横过",unlearned,(未填),未填写,未填写，需重点学习,,pending,,,0,,,
,corner,/'kɔːnə(r)/;/'kɔːrnər/,n.街角;拐角,unlearned,(未填),未填写,未填写，需重点学习,,pending,,,0,,,
,madam,/'mædəm/,n.女士;夫人,unlearned,(未填),未填写,未填写，需重点学习,,pending,,,0,,,
,station,/'steɪʃn/,"n.公共汽车站,长途汽车站; 火车站",unlearned,(未填),未填写,未填写，需重点学习,,pending,,,0,,,
,crossing,/'krɒsɪŋ/;/'krɔːsɪŋ/,n.安全通行处; 人行横道,unlearned,(未填),未填写,未填写，需重点学习,,pending,,,0,,,
,island,/'aɪlənd/,n.岛,unlearned,(未填),未填写,未填写，需重点学习,,pending,,,0,,,
,village,/'vɪlɪdʒ/,n.村庄,unlearned,(未填),未填写,未填写，需重点学习,,pending,,,0,,,
,community,/kə'mjuːnəti/,n.社区,unlearned,(未填),未填写,未填写，需重点学习,,pending,,,0,,,
,service,/'sɜːvɪs/;/'sɜːrvɪs/,n.服务,unlearned,(未填),未填写,未填写，需重点学习,,pending,,,0,,,
,italian,/ɪ'tæliən/,adj.意大利,unlearned,(未填),未填写,未填写，需重点学习,,pending,,,0,,,
,police,/pə'liːs/,n.警方,unlearned,(未填),未填写,未填写，需重点学习,,pending,,,0,,,
,exciting,/ɪk'saɪtɪŋ/,adj.令人兴奋的;令人激动的,unlearned,(未填),未填写,未填写，需重点学习,,pending,,,0,,,
,turning,/'tɜːnɪŋ/;/'tɜːrnɪŋ/,n.岔路口,unlearned,(未填),未填写,未填写，需重点学习,,pending,,,0,,,
,straight,/streɪt/,adv.笔直地,unlearned,(未填),未填写,未填写，需重点学习,,pending,,,0,,,
,medical,/'medɪkl/,adj.医疗的;医学的,unlearned,(未填),未填写,未填写，需重点学习,,pending,,,0,,,
,volunteer,/ˌvɒlən'tɪə(r)/;/ˌvɑːlən'tɪr/,n.志愿者 v.自愿做,unlearned,(未填),未填写,未填写，需重点学习,,pending,,,0,,,
,transportation,/ˌtrænspɔː'teɪʃn/;/ˌtrænspər'teɪʃn/,n.公共交通运输系统,unlearned,(未填),未填写,未填写，需重点学习,,pending,,,0,,,
,nearby,/ˌnɪə'baɪ/;/ˌnɪr'baɪ/,adv.在附近adj.附近的,unlearned,(未填),未填写,未填写，需重点学习,,pending,,,0,,,
,item,/'aɪtəm/,n.项目;物件,unlearned,(未填),未填写,未填写，需重点学习,,pending,,,0,,,
,peephole,/'piːphəul/,n.(墙或门上等的)窥视孔,unlearned,(未填),未填写,未填写，需重点学习,,pending,,,0,,,
,stranger,/'streɪndʒə(r)/,n.陌生人,unlearned,(未填),未填写,未填写，需重点学习,,pending,,,0,,,
,delivery,/dɪ'lɪvəri/,n.递送;传送;交付,unlearned,(未填),未填写,未填写，需重点学习,,pending,,,0,,,
,environment,/ɪn'vaɪrənmənt/,n.自然环境; 生态环境,unlearned,(未填),未填写,未填写，需重点学习,,pending,,,0,,,
,since,/sɪns/,conj.因为;既然,unlearned,(未填),未填写,未填写，需重点学习,,pending,,,0,,,
,french,/frentʃ/,n.法语;法国人 adj.法国的；法国人的；法语的,unlearned,(未填),未填写,未填写，需重点学习,,pending,,,0,,,
,attention,/ə'tenʃn/,n.注意;专心,unlearned,(未填),未填写,未填写，需重点学习,,pending,,,0,,,
,subway,/'sʌbweɪ/,n.地铁,unlearned,(未填),未填写,未填写，需重点学习,,pending,,,0,,,
,dollar,/'dɒlə(r)/;/'dɑːlər/,n.元,unlearned,(未填),未填写,未填写，需重点学习,,pending,,,0,,,
,helmet,/'helmɪt/,n.头盔,unlearned,(未填),未填写,未填写，需重点学习,,pending,,,0,,,
,manner,/'mænə(r)/,n.礼仪;礼貌,unlearned,(未填),未填写,未填写，需重点学习,,pending,,,0,,,
,seat,/siːt/,n.座位,unlearned,(未填),未填写,未填写，需重点学习,,pending,,,0,,,
,engineer,/ˌendʒɪ'nɪə(r)/;/ˌendʒɪ'nɪr/,n.工程师；设计师,unlearned,(未填),未填写,未填写，需重点学习,,pending,,,0,,,
,discuss,/dɪˈskʌs/,v.讨论;谈论,unlearned,(未填),未填写,未填写，需重点学习,,pending,,,0,,,
,soccer,/'sɒkə(r)/;/'sɑːkər/,"n.足球,足球运动",unlearned,(未填),未填写,未填写，需重点学习,,pending,,,0,,,
,project,/'prɒdʒekt/;/'prɑːdʒekt/,n.项目; 方案；专题研究,unlearned,(未填),未填写,未填写，需重点学习,,pending,,,0,,,
,british,/'brɪtɪʃ/,adj.英国的;英国人的,unlearned,(未填),未填写,未填写，需重点学习,,pending,,,0,,,
,support,/sə'pɔːt/;/sə'pɔːrt/,"v.,n.支持",unlearned,(未填),未填写,未填写，需重点学习,,pending,,,0,,,
,chalk,/tʃɔːk/,n.粉笔,unlearned,(未填),未填写,未填写，需重点学习,,pending,,,0,,,
,host,/həʊst/,n.主人;东道主,unlearned,(未填),未填写,未填写，需重点学习,,pending,,,0,,,
,tabletennis,/ˈteɪbltenɪs/,n.乒乓球运动,unlearned,(未填),未填写,未填写，需重点学习,,pending,,,0,,,
,voluntary,/'vɒləntri/;/'vɑːlənteri/,adj.无偿的，义务性的；自愿的，志愿的，主动的,unlearned,(未填),未填写,未填写，需重点学习,,pending,,,0,,,
,experience,/ɪk'spɪəriəns/;/ɪk'spɪriəns/,n.经历;经验;体验 v.经历;体验,unlearned,(未填),未填写,未填写，需重点学习,,pending,,,0,,,
,guard,/gɑːd/;/gɑːrd/,"n.警卫,看守",unlearned,(未填),未填写,未填写，需重点学习,,pending,,,0,,,
,accident,/'æksɪdənt/,n.(交通)事故;意外,unlearned,(未填),未填写,未填写，需重点学习,,pending,,,0,,,
,behavior,/bɪ'heɪvjə(r)/,n.行为;举止;态度,unlearned,(未填),未填写,未填写，需重点学习,,pending,,,0,,,
,cause,/kɔːz/,n.原因;起因 v.造成;引起; 导致,unlearned,(未填),未填写,未填写，需重点学习,,pending,,,0,,,
,effect,/ɪ'fekt/,n.结果;影响,unlearned,(未填),未填写,未填写，需重点学习,,pending,,,0,,,
,polite,/pə'laɪt/,adj.有礼貌的,unlearned,(未填),未填写,未填写，需重点学习,,pending,,,0,,,
,board,/bɔːd/;/bɔːrd/,n.板;木板,unlearned,(未填),未填写,未填写，需重点学习,,pending,,,0,,,
,traffic,/'træfɪk/,n.交通,unlearned,(未填),未填写,未填写，需重点学习,,pending,,,0,,,
,june,dʒuːn,n*.六月,unlearned,june,需大写,月份要大写June,,pending,,,0,,,
,forest,ˈfɒrɪst,n*.森林； 林区,unlearned,(未填),未填写,未填写，需重点学习,,pending,,,0,,,
,plenty,ˈplenti,pron*.大量；充足,unlearned,(未填),未填写,未填写，需重点学习,,pending,,,0,,,
,few,fjuː,"det*.,*adj*.有些，几个;很少 *pron*.一些",unlearned,(未填),未填写,未填写，需重点学习,,pending,,,0,,,
,butterfly,ˈbʌtəflaɪ,n*.蝴蝶,unlearned,(未填),未填写,未填写，需重点学习,,pending,,,0,,,
,vegetable,ˈvedʒtəb(ə)l,n*.蔬菜,unlearned,vegetables,多了s,vegetable单数不加s,,pending,,,0,,,
,dragon,ˈdræɡən,n*.龙,unlearned,drango,末尾o,drag-on,,pending,,,0,,,
,august,ˈɔːɡəst,n*.八月,unlearned,august,需大写,月份要大写August,,pending,,,0,,,
,money,ˈmʌni,n*.钱币；钱;财产,unlearned,mony,漏字母e,mon-ey,,pending,,,0,,,
,celebrate,ˈselɪbreɪt,v*.庆祝；庆贺,unlearned,(未填),未填写,未填写，需重点学习,,pending,,,0,,,
,tomb,tuːm,n*.坟墓,unlearned,(未填),未填写,未填写，需重点学习,,pending,,,0,,,
,lantern,ˈlæntən,n*.灯笼,unlearned,(未填),未填写,未填写，需重点学习,,pending,,,0,,,
,lunar,ˈluːnə(r),adj*.月球的;月亮的,unlearned,(未填),未填写,未填写，需重点学习,,pending,,,0,,,
,january,ˈdʒænjuəri,n*.一月,unlearned,(未填),未填写,未填写，需重点学习,,pending,,,0,,,
,april,ˈeɪprəl,n*. 四月,unlearned,(未填),未填写,未填写，需重点学习,,pending,,,0,,,
,labour,ˈleɪbə(r),n*.工人;劳动,unlearned,(未填),未填写,未填写，需重点学习,,pending,,,0,,,
,then,ðen,adv*.然后；当时;那么,unlearned,than,近形混淆,"then=然后, than=比",,pending,,,0,,,
,present,ˈprez(ə)nt,n*.礼物 *adj*. 当前的,unlearned,presnet,字母颠倒,pre-sent,,pending,,,0,,,
,couplet,ˈkʌplɪt,n*.对联,unlearned,couple,漏字母t,couple+t=couplet（对联）,,pending,,,0,,,
,christmas,ˈkrɪsməs,n*.圣诞节,unlearned,(未填),未填写,未填写，需重点学习,,pending,,,0,,,
,confucius,kənˈfjuːʃəs,孔子,unlearned,(未填),未填写,未填写，需重点学习,,pending,,,0,,,
,another,əˈnʌðə(r),"det*.,*pron*.又一",unlearned,(未填),未填写,未填写，需重点学习,,pending,,,0,,,
,celebration,ˌselɪˈbreɪʃn,n*.庆祝活动；庆祝,unlearned,(未填),未填写,未填写，需重点学习,,pending,,,0,,,
,delicious,dɪˈlɪʃəs,adj*.美味的，可口的,unlearned,(未填),未填写,未填写，需重点学习,,pending,,,0,,,
,excited,ɪkˈsaɪtɪd,adj*.激动的;兴奋的,unlearned,(未填),未填写,未填写，需重点学习,,pending,,,0,,,
,author,ˈɔːθə(r),n*.著者;作者;作家,unlearned,(未填),未填写,未填写，需重点学习,,pending,,,0,,,
,thirteenth,ˌθɜːˈtiːnθ,ordinal* *num*.第十二,unlearned,(未填),未填写,未填写，需重点学习,,pending,,,0,,,
,hundred,ˈhʌndrəd,num*.一百,unlearned,(未填),未填写,未填写，需重点学习,,pending,,,0,,,
,second,ˈsekənd,"ordinal* *num*.,*det*.第二 *n*.秒",unlearned,(未填),未填写,未填写，需重点学习,,pending,,,0,,,
,twelfth,twelfθ,ordinal* *num*.第十— .,unlearned,(未填),未填写,未填写，需重点学习,,pending,,,0,,,
,twentieth,ˈtwentiəθ,ordinal* *num*.第二十,unlearned,(未填),未填写,未填写，需重点学习,,pending,,,0,,,
,forty,ˈfɔːti,num*. 四十,unlearned,(未填),未填写,未填写，需重点学习,,pending,,,0,,,
,fortieth,ˈfɔːtiəθ,ordinal* *num*.第四十,unlearned,(未填),未填写,未填写，需重点学习,,pending,,,0,,,
,fifty,ˈfɪfti,num*.五十,unlearned,(未填),未填写,未填写，需重点学习,,pending,,,0,,,
,ninety,ˈnaɪnti,num*.九十,unlearned,(未填),未填写,未填写，需重点学习,,pending,,,0,,,
,football,ˈfʊtbɔːl,n*.足球运动；足球,unlearned,(未填),未填写,未填写，需重点学习,,pending,,,0,,,
,square,skweə(r),n*.广场;正方形 *adj*.正方形的,unlearned,(未填),未填写,未填写，需重点学习,,pending,,,0,,,
,street,striːt,n*.街道,unlearned,(未填),未填写,未填写，需重点学习,,pending,,,0,,,
,prepare,prɪˈpeə(r),v*.使做好准备;做,unlearned,(未填),未填写,未填写，需重点学习,,pending,,,0,,,
,riddle,ˈrɪd(ə)l,n*.谜；谜语,unlearned,(未填),未填写,未填写，需重点学习,,pending,,,0,,,
,poster,ˈpəʊstə(r),n*.海报；招贴画,unlearned,(未填),未填写,未填写，需重点学习,,pending,,,0,,,
,february,ˈfebruəri,n*.二月,unlearned,(未填),未填写,未填写，需重点学习,,pending,,,0,,,
,march,mɑːtʃ,n*.二月,unlearned,(未填),未填写,未填写，需重点学习,,pending,,,0,,,
,republic,rɪˈpʌblɪk,n*.共和国,unlearned,(未填),未填写,未填写，需重点学习,,pending,,,0,,,
,calendar,ˈkælɪndə(r),n*. 日历,unlearned,(未填),未填写,未填写，需重点学习,,pending,,,0,,,
,december,dɪˈsembə(r),n*.十二月,unlearned,(未填),未填写,未填写，需重点学习,,pending,,,0,,,
,midnight,ˈmɪdnaɪt,n*.午夜,unlearned,(未填),未填写,未填写，需重点学习,,pending,,,0,,,
,bell,bel,n*.钟,unlearned,(未填),未填写,未填写，需重点学习,,pending,,,0,,,
,ring,rɪŋ,v*.(使)发出钟声 *n*.钟声;指环,unlearned,(未填),未填写,未填写，需重点学习,,pending,,,0,,,
,say,seɪ,v*.说;指示,unlearned,(未填),未填写,未填写，需重点学习,,pending,,,0,,,
,director,/dəˈrektə(r); daɪˈrektə(r)/,n. 导演,unlearned,directer,拼写错误,director = direct + or,,pending,,,0,,,
,pilot,/ˈpaɪlət/,n. 飞行员,unlearned,pliot,拼写错误,pilot = pi + lot,,pending,,,0,,,
,scientist,/ˈsaɪəntɪst/,n. 科学家；科研人员,unlearned,sciencetist,拼写错误,scientist = scien + tist,,pending,,,0,,,
,actor,/ˈæktə(r)/,n. 演员,unlearned,act,漏字母,actor末尾有-or,,pending,,,0,,,
,direction,/dəˈrekʃn; daɪˈrekʃn/,n. 指导；方向,unlearned,未填,拼写错误,direction正确拼写,,pending,,,0,,,
,believe,/bɪˈliːv/,v. 相信；把 (某事) 当真,unlearned,belive,漏字母,believe中间有-ie-,,pending,,,0,,,
,thanks,/θæŋks/,excl. 谢谢，多谢；n. 感谢；谢意,unlearned,thank,漏字母,thanks末尾有-s,,pending,,,0,,,
,reporter,/rɪˈpɔːtə(r)/;/rɪˈpɔːrtər/,n. 记者,unlearned,report,漏字母,reporter末尾有-er,,pending,,,0,,,
,patient,/ˈpeɪʃnt/,n. 病人；adj. 有耐心的,unlearned,painent,拼写错误,patient = pa + tient,,pending,,,0,,,
,railway,/ˈreɪlweɪ/,n. 铁路；铁道,unlearned,railway,拼写错误,railway正确拼写,,pending,,,0,,,
,modern,/ˈmɒdn/;/ˈmɑːdərn/,adj. 现代的；当代的；近代的,unlearned,moden,漏字母,modern末尾有-rn,,pending,,,0,,,
,alarm,/əˈlɑːm/;/əˈlɑːrm/,n. 警报；闹铃,unlearned,未填,拼写错误,alarm正确拼写,,pending,,,0,,,
,receive,/rɪˈsiːv/,v. 受到，收到,unlearned,未填,拼写错误,receive正确拼写,,pending,,,0,,,
,uniform,/ˈjuːnɪfɔːm/;/ˈjuːnɪfɔːrm/,n. 制服；校服,unlearned,未填,拼写错误,uniform正确拼写,,pending,,,0,,,
,dangerous,/ˈdeɪndʒərəs/,adj. 有危险的,unlearned,未填,拼写错误,dangerous正确拼写,,pending,,,0,,,
,tiny,/ˈtaɪni/,adj. 极小的；微小的,unlearned,未填,拼写错误,tiny正确拼写,,pending,,,0,,,
,taikonaut,/ˈtaɪkənɔːt; ˈtaɪkənɔːt/,n. (中国的) 航天员,unlearned,未填,拼写错误,taikonaut正确拼写,,pending,,,0,,,
,pioneer,/ˌpaɪəˈnɪə(r)/;/.paɪəˈnɪr/,n. 先锋；带头人；开发者,unlearned,未填,拼写错误,pioneer正确拼写,,pending,,,0,,,
,journey,/ˈdʒɜːni/;/ˈdʒɜːrni/,n. (尤指长途) 旅行,unlearned,未填,拼写错误,journey正确拼写,,pending,,,0,,,
,without,/wɪˈðaʊt/,prep. 没有；缺乏,unlearned,未填,拼写错误,without正确拼写,,pending,,,0,,,
,succeed,/səkˈsiːd/,v. 成功；实现目标,unlearned,未填,拼写错误,succeed正确拼写,,pending,,,0,,,
,especially,/ɪˈspeʃəli/,adv. 尤其；特别,unlearned,speacily,拼写错误,especially = e + specially,,pending,,,0,,,
,quality,/ˈkwɒləti/;/ˈkwɑːləti/,n. 人品；素质；质量；,unlearned,未填,拼写错误,quality正确拼写,,pending,,,0,,,
,according (to),/əˈkɔːdɪŋ tu/;/əˈkɔːrdɪŋ tu/,据 (… 说)；按 (… 所报道),unlearned,未填,拼写错误,according (to)正确拼写,,pending,,,0,,,
,direct,/dəˈrekt; daɪˈrekt/,v. 导演；指挥；adj. 直接的,unlearned,未填,拼写错误,direct正确拼写,,pending,,,0,,,
,illness,/ˈɪlnəs/,n. (身体或精神上的) 疾病，病,unlearned,未填,拼写错误,illness正确拼写,,pending,,,0,,,
,explorer,/ɪkˈsplɔːrə(r)/,n. 探险者,unlearned,未填,拼写错误,explorer正确拼写,,pending,,,0,,,
,curious,/ˈkjʊəriəs/;/ˈkjʊriəs/,adj. 求知欲强的；好奇的,unlearned,未填,拼写错误,curious正确拼写,,pending,,,0,,,
,secret,/ˈsiːkrət/,n. 秘密,unlearned,未填,拼写错误,secret正确拼写,,pending,,,0,,,
,opinion,/əˈpɪnjən/,n. 意见；想法,unlearned,opoin,漏字母,opinion = opi + nion,,pending,,,0,,,
,course,/kɔːs/;/kɔːrs/,n. 课程；进程,unlearned,未填,拼写错误,course正确拼写,,pending,,,0,,,
,officer,/ˈɒfɪsə(r)/;/ˈɔːfɪsər/,n. 高级职员，官员；军官,unlearned,未填,拼写错误,officer正确拼写,,pending,,,0,,,
,lawyer,/ˈlɔɪə(r)/,n. 律师,unlearned,loyer,拼写错误,lawyer = law + yer,,pending,,,0,,,
,competition,/ˌkɒmpəˈtɪʃn/;/ˌkɑːmpəˈtɪʃn/,n. 比赛；竞赛,unlearned,未填,拼写错误,competition正确拼写,,pending,,,0,,,
,encourage,/ɪnˈkʌrɪdʒ/;/ɪnˈkɜːrɪdʒ/,v. 鼓励；激励,unlearned,未填,拼写错误,encourage正确拼写,,pending,,,0,,,
,success,/səkˈses/,n. 成功；胜利,unlearned,未填,拼写错误,success正确拼写,,pending,,,0,,,
,zookeeper,/ˈzuːkiːpə(r)/,n. 动物园管理员,unlearned,zoopeer,拼写错误,zookeeper = zoo + keeper,,pending,,,0,,,
,achieve,/əˈtʃiːv/,v. (凭长期努力) 达到 (某目标、地位、标准)；完成；成功,unlearned,未填,拼写错误,achieve正确拼写,,pending,,,0,,,
,design,/dɪˈzaɪn/,v. 设计；构思；计划；,unlearned,未填,拼写错误,design正确拼写,,pending,,,0,,,
,model,/ˈmɒdl/;/ˈmɑːdl/,n. 模型；模特儿,unlearned,moddle,多字母,model单l即可,,pending,,,0,,,
,scientific,/ˌsaɪənˈtɪfɪk/,adj. 科学 (上) 的,unlearned,science,词形混淆,scientific是science形容词,,pending,,,0,,,
,knowledge,/ˈnɒlɪdʒ/;/ˈnɑːlɪdʒ/,n. 知识；学问,unlearned,未填,拼写错误,knowledge正确拼写,,pending,,,0,,,
,challenge,/ˈtʃælɪndʒ/,n. 挑战,unlearned,change,近形混淆,challenge != change,,pending,,,0,,,
,however,/haʊˈevə(r)/,adv. 然而,unlearned,未填,拼写错误,however正确拼写,,pending,,,0,,,
,tourist,/ˈtʊərɪst/;/ˈtʊrɪst/,n. 游客,unlearned,未填,拼写错误,tourist正确拼写,,pending,,,0,,,
,speech,/spiːtʃ/,n. 演说；讲话,unlearned,speach,拼写错误,speech = sp-ee-ch,,pending,,,0,,,
,term,/tɜːm/;/tɜːrm/,n. 学期,unlearned,未填,拼写错误,term正确拼写,,pending,,,0,,,
,waitress,/ˈweɪtrəs/,n. 女服务员,unlearned,未填,拼写错误,waitress正确拼写,,pending,,,0,,,
,greet,/ɡriːt/,v. 和 (某人) 打招呼 (或问好)；,unlearned,未填,拼写错误,greet正确拼写,,pending,,,0,,,
,guest,/ɡest/,n. 客人；宾客,unlearned,gest,漏字母,guest中间有-u-,,pending,,,0,,,
,customer,/ˈkʌstəmə(r)/,n. 顾客,unlearned,未填,拼写错误,customer正确拼写,,pending,,,0,,,
,conversation,/ˌkɒnvəˈseɪʃn/;/ˌkɑːnvərˈseɪʃn/,n. 交谈，谈话,unlearned,未填,拼写错误,conversation正确拼写,,pending,,,0,,,
,manager,/ˈmænɪdʒə(r)/,n. 经理,unlearned,manage,漏字母,manager末尾有-r,,pending,,,0,,,
,noisy,/ˈnɔɪzi/,adj. 吵闹的；充满噪声的,unlearned,noise,词形变化,noisy是noise形容词,,pending,,,0,,,
,successful,/səkˈsesfl/,adj. 获得成功的；有成就的,unlearned,未填,拼写错误,successful正确拼写,,pending,,,0,,,
,literature,/ˈlɪtrətʃə(r)/,n. 文学；文学作品,unlearned,未填,拼写错误,literature正确拼写,,pending,,,0,,,
,calligraphy,/kəˈlɪɡrəfi/,n. 书法；书法艺术,unlearned,未填,拼写错误,calligraphy正确拼写,,pending,,,0,,,
,east,/west/,n. 西；西方；,unlearned,west,词义混淆,east(东) != west(西),,pending,,,0,,,
,century,/ˈsentʃəri/,n. 百年；世纪,unlearned,未填,拼写错误,century正确拼写,,pending,,,0,,,
,express,/ɪkˈspres/,v. 表达,unlearned,expeas,拼写错误,express = exp+ress,,pending,,,0,,,
,calligrapher,/kəˈlɪɡrəfə(r)/,n. 书法家,unlearned,未填,拼写错误,calligrapher正确拼写,,pending,,,0,,,
,photography,/fəˈtɒɡrəfi/;/fəˈtɑːɡrəfi/,n. 摄影；摄影艺术,unlearned,未填,拼写错误,photography正确拼写,,pending,,,0,,,
,instrument,/ˈɪnstrəmənt/,n. 乐器；仪器；工具,unlearned,未填,拼写错误,instrument正确拼写,,pending,,,0,,,
,violin,/ˌvaɪəˈlɪn/,n. 小提琴,unlearned,vilon,拼写错误,violin = vio+lin,,pending,,,0,,,
,trumpet,/ˈtrʌmpɪt/,n. 小号；喇叭,unlearned,trumpit,元音错误,trumpet中e不是i,,pending,,,0,,,
,language,/ˈlæŋɡwɪdʒ/,n. 语言,unlearned,未填,拼写错误,language正确拼写,,pending,,,0,,,
,communicate,/kəˈmjuːnɪkeɪt/,v. 交流；沟通,unlearned,未填,拼写错误,communicate正确拼写,,pending,,,0,,,
,relax,/rɪˈlæks/,v. (使) 放松；放松精神 (或思想),unlearned,未填,拼写错误,relax正确拼写,,pending,,,0,,,
,medium,/ˈmiːdiəm/ (pl.media /ˈmiːdiə/),n. (传播信息等的) 媒介，手段，方法,unlearned,middle,近形混淆,medium != middle,,pending,,,0,,,
,pigeon,/ˈpɪdʒɪn/,n. 鸽子,unlearned,未填,拼写错误,pigeon正确拼写,,pending,,,0,,,
,strict,/strɪkt/,adj. 要求严格的；严厉的；严谨的,unlearned,strickt,多字母,strict无k,,pending,,,0,,,
,perfect,/ˈpɜːfɪkt/;/ˈpɜːrfɪkt/,adj. 完美的；极好的,unlearned,未填,拼写错误,perfect正确拼写,,pending,,,0,,,
,dynasty,/ˈdɪnəsti/;/ˈdaɪnəsti/,n. 王朝；朝代,unlearned,未填,拼写错误,dynasty正确拼写,,pending,,,0,,,
,amazing,/əˈmeɪzɪŋ/,adj. 令人大为惊奇的；令人惊喜的,unlearned,未填,拼写错误,amazing正确拼写,,pending,,,0,,,
,centimetre,/ˈsentɪmiːtə(r)/,n. 厘米,unlearned,未填,拼写错误,centimetre正确拼写,,pending,,,0,,,
,riverside,/ˈrɪvəsaɪd/;/ˈrɪvərsaɪd/,n. 河畔；河岸,unlearned,未填,拼写错误,riverside正确拼写,,pending,,,0,,,
,riverbank,/ˈrɪvəbæŋk/;/ˈrɪvərbæŋk/,n. 河堤；河岸,unlearned,未填,拼写错误,riverbank正确拼写,,pending,,,0,,,
,mark,/mɑːk/;/mɑːrk/,v. 标示；标明方位；做记号；,unlearned,mask,近形混淆,mark != mask,,pending,,,0,,,
,businessman,/ˈbɪznəsmæn; ˈbɪznəsmən/,n. 商界人员；企业家,unlearned,未填,拼写错误,businessman正确拼写,,pending,,,0,,,
,explore,/ɪkˈsplɔː(r)/,v. 探索；考察；勘探,unlearned,未填,拼写错误,explore正确拼写,,pending,,,0,,,
,anything,/ˈenibɒdi/;/ˈenibɑːdi/(anyone /ˈeniwʌn/),pron. 任何人,unlearned,everybody,词义混淆,anything=任何事物,,pending,,,0,,,
,someone,/ˈsʌmwʌn/ (somebody /ˈsʌmbədi/),pron. 某人,unlearned,somewon,拼写错误,someone = some+one,,pending,,,0,,,
,create,/kriˈeɪt/,v. 创造,unlearned,creat,漏字母,create末尾有-e,,pending,,,0,,,
,magical,/ˈmædʒɪk/,adj. 有魔力的；神奇的；,unlearned,magic,词形变化,magical是magic形容词,,pending,,,0,,,
,concert,/ˈkɒnsət/;/ˈkɑːnsərt/,n. 音乐会,unlearned,未填,拼写错误,concert正确拼写,,pending,,,0,,,
,awful,/ˈɔːfl/,adj. 很坏的；极讨厌的,unlearned,未填,拼写错误,awful正确拼写,,pending,,,0,,,
,shape,/ʃeɪp/,n. 形状；外形,unlearned,chape,拼写错误,shape = sh+ape,,pending,,,0,,,
,symbol,/ˈsɪmbl/,n. 象征；符号,unlearned,simbol,拼写错误,symbol = sym+bol,,pending,,,0,,,
,clay,/kleɪ/,n. 黏土；陶土,unlearned,未填,拼写错误,clay正确拼写,,pending,,,0,,,
,immediately,/ɪˈmiːdiətli/,adv. 立即；马上；即刻,unlearned,未填,拼写错误,immediately正确拼写,,pending,,,0,,,
,pleasant,/ˈpleznt/,adj. 愉快的；友好的,unlearned,plasent,拼写错误,pleasant = plea+sant,,pending,,,0,,,
,stadium,/ˈsteɪdiəm/,n. 体育场,unlearned,未填,拼写错误,stadium正确拼写,,pending,,,0,,,
,creative,/kriˈeɪtɪv/,adj. 创造 (性) 的；创作的,unlearned,未填,拼写错误,creative正确拼写,,pending,,,0,,,
,relaxed,/rɪˈlækst/,adj. 放松的；自在的,unlearned,relaxet,拼写错误,relaxed以-ed结尾,,pending,,,0,,,
,operate,/ˈɒpəreɪt/;/ˈɑːpəreɪt/,v. 操作；运转；控制；动手术,unlearned,未填,拼写错误,operate正确拼写,,pending,,,0,,,
,(待匹配#204),/kənˈtrəʊl/,n. 指挥 (或控制) 站；控制；,unlearned,未填,拼写错误,(待匹配#204)正确拼写,,pending,,,0,,,
,electronic,/ɪˌlekˈtrɒnɪk/;/ɪˌlekˈtrɑːnɪk/,adj. 电子的,unlearned,未填,拼写错误,electronic正确拼写,,pending,,,0,,,
,photographer,/fəˈtɒɡrəfə(r)/;/fəˈtɑːɡrəfər/,n. 摄影师；拍照者,unlearned,未填,拼写错误,photographer正确拼写,,pending,,,0,,,
,sore,/sɔː(r)/,adj. (发炎) 疼痛的；酸痛的,unlearned,soar,近音混淆,sore(酸痛)!=soar(翱翔),,pending,,,0,,,
,throat,/θrəʊt/,n. 咽喉；喉咙,unlearned,未填,拼写错误,throat正确拼写,,pending,,,0,,,
,temperature,/ˈtemprətʃə(r)/;/ˈtemprətʃər/,n. 体温；温度；气温,unlearned,未填,拼写错误,temperature正确拼写,,pending,,,0,,,
,junkfood,/dʒʌŋk fuːd/,n. 垃圾食品（英式音标）,unlearned,未填,拼写错误,junkfood正确拼写,,pending,,,0,,,
,diet,/ˈdaɪət/,n. 日常饮食,unlearned,未填,拼写错误,diet正确拼写,,pending,,,0,,,
,screen,/skriːn/,n. 屏幕；荧屏,unlearned,未填,拼写错误,screen正确拼写,,pending,,,0,,,
,pepper,/ˈpepə(r)/,n. 胡椒粉,unlearned,pepar,拼写错误,pepper双p,,pending,,,0,,,
,iced,/aɪst/,adj. 冰镇的；加冰块的,unlearned,icet,拼写错误,iced以-ed结尾,,pending,,,0,,,
,snack,/snæk/,n. 点心；小吃；快餐,unlearned,snake,近形混淆,snack(点心)!=snake(蛇),,pending,,,0,,,
,cookie,/ˈkʊki/,n. 曲奇饼,unlearned,未填,拼写错误,cookie正确拼写,,pending,,,0,,,
,condition,/kənˈdɪʃn/,n. 健康状况；状态；状况,unlearned,未填,拼写错误,condition正确拼写,,pending,,,0,,,
,uncomfortable,/ʌnˈkʌmftəbl/,adj. 使人不舒服的；令人不舒适的,unlearned,未填,拼写错误,uncomfortable正确拼写,,pending,,,0,,,
,diary,/ˈdaɪəri/,n. 日记；日记簿,unlearned,未填,拼写错误,diary正确拼写,,pending,,,0,,,
,positive,/ˈpɒzətɪv/;/ˈpɑːzətɪv/,adj. 积极乐观的；积极的；正面的,unlearned,未填,拼写错误,positive正确拼写,,pending,,,0,,,
,confident,/ˈkɒnfɪdənt/;/ˈkɑːnfɪdənt/,adj. 自信的；有把握的,unlearned,未填,拼写错误,confident正确拼写,,pending,,,0,,,
,oneself,/wʌnˈself/,pron. 自己；亲自,unlearned,wonself,拼写错误,oneself = one+self,,pending,,,0,,,
,stomach,/ˈstʌmək/,n. 胃,unlearned,stomak,拼写错误,stomach=sto+mach,,pending,,,0,,,
,nonsense,/ˈnɒnsns/;/ˈnɑːnsens/,n. 胡扯；谬论；胡言乱语,unlearned,未填,拼写错误,nonsense正确拼写,,pending,,,0,,,
,cucumber,/ˈkjuːkʌmbə(r)/,n. 黄瓜,unlearned,cucomber,拼写错误,cucumber=cu+cum+ber,,pending,,,0,,,
,lifestyle,/ˈlaɪfstaɪl/,n. 生活方式；工作方式,unlearned,未填,拼写错误,lifestyle正确拼写,,pending,,,0,,,
,prefer,/prɪˈfɜː(r)/,v. 较喜欢；喜欢… 多于…,unlearned,未填,拼写错误,prefer正确拼写,,pending,,,0,,,
,bean,/biːn/,n. 豆；豆荚,unlearned,been,近音混淆,bean(豆)!=been(be过去分词),,pending,,,0,,,
,notice,/ˈfəʊkəs/,v. 集中 (注意力、精力等于)；,unlearned,未填,拼写错误,notice正确拼写,,pending,,,0,,,
,sauce,/sɔːs/,n. 调味汁；酱,unlearned,未填写,拼写错误,sauce正确拼写,,pending,,,0,,,
,serve,/sɜːv/;/sɜːrv/,v. 端上；接待；服务,unlearned,serrer,拼写错误,serve = ser+ve,,pending,,,0,,,
,mad,/mæd/,adj. 很生气；气愤,unlearned,made,近形混淆,mad(生气)!=made(制造),,pending,,,0,,,
,physical,/ˈfɪzɪkl/,adj. 身体的,unlearned,未填,拼写错误,physical正确拼写,,pending,,,0,,,
,balanced,/ˈbælənst/,adj. 保持 (或显示) 平衡的,unlearned,balance,词形变化,balanced是balance形容词,,pending,,,0,,,
,vision,/'vɪʒn/,n. 视力；视野,unlearned,vishon,拼写错误,vision=vi+sion,,pending,,,0,,,
,calm,/kɑːm/,adj. 镇静的；沉着的 v. 使平静,unlearned,carm,拼写错误,calm = cal+m,,pending,,,0,,,
,fool,/fuːl/,n. 蠢人 adj. 傻的；愚蠢的,unlearned,full,近音混淆,fool(傻子)!=full(满的),,pending,,,0,,,
,nervous,/'nɜːvəs/;/'nɜːrvəs/,adj. 焦虑的；担忧的,unlearned,nurves,拼写错误,nervous=ner+vous,,pending,,,0,,,
,sense,/sens/,v. 感觉到；意识到；觉察出,unlearned,sence,拼写错误,sense = sen+se,,pending,,,0,,,
,flu,/fluː/,n. 流感,unlearned,flue,近音混淆,flu(流感)!=flue(烟道),,pending,,,0,,,
,Chinatown,/'tʃaɪnətaʊn/,n. 唐人街,unlearned,chinesetown,拼写错误,Chinatown=China+town,,pending,,,0,,,
,recommend,/ˌrekə'mend/,v. 推荐；举荐；介绍,unlearned,recommend,拼写错误,recommend正确拼写,,pending,,,0,,,
,period,/ˈpɪəriəd/;/ˈpɪriəd/,n. 一段时间；时期,unlearned,未填,拼写错误,period正确拼写,,pending,,,0,,,
,stage,/steɪdʒ/,n. 阶段；舞台,unlearned,未填,拼写错误,stage正确拼写,,pending,,,0,,,
,purpose,/ˈpɜːpəs/;/ˈpɜːrpəs/,n. 意图；目的,unlearned,perpus,拼写错误,purpose = pur+pose,,pending,,,0,,,
,teenager,/ˈtiːneɪdʒə(r)/,n. 青少年,unlearned,teenager,拼写错误,teenager正确拼写,,pending,,,0,,,
,adult,/əˈdʌlt; ˈædʌlt/,adj. 成年的；发育成熟的；,unlearned,未填,拼写错误,adult正确拼写,,pending,,,0,,,
,height,/haɪt/,n. 身高；高度,unlearned,high,词义混淆,height(高度)!=high(高的),,pending,,,0,,,
,hair,/heə(r)/;/her/,n. 体毛；头发,unlearned,未填,拼写错误,hair正确拼写,,pending,,,0,,,
,certain,/ˈsɜːtn/;/ˈsɜːrtn/,adj. 特定的；无疑的；确实的,unlearned,未填,拼写错误,certain正确拼写,,pending,,,0,,,
,area,/ˈeəriə/;/ˈeriə/,n. 部位；面积；地区，地域,unlearned,未填,拼写错误,area正确拼写,,pending,,,0,,,
,schoolwork,/ˈskuːlwɜːk/;/ˈskuːlwɜːrk/,n. 学校作业；课堂作业,unlearned,未填,拼写错误,schoolwork正确拼写,,pending,,,0,,,
,pressure,/ˈpreʃə(r)/,n. 心理压力，紧张；压力,unlearned,未填,拼写错误,pressure正确拼写,,pending,,,0,,,
,compare,/kəmˈpeə(r)/;/kəmˈper/,v. 比较；对比,unlearned,未填,拼写错误,compare正确拼写,,pending,,,0,,,
,shine,/ʃaɪn/,v. 出色；发光,unlearned,fine,词义混淆,shine(发光)!=fine(好的),,pending,,,0,,,
,discover,/dɪˈskʌvə(r)/,v. 认识到；发现,unlearned,未填,拼写错误,discover正确拼写,,pending,,,0,,,
,memory,/ˈmeməri/,n. 回忆；记忆；记忆力；记性,unlearned,memery,拼写错误,memory=me+mo+ry,,pending,,,0,,,
,junior,/ˈdʒuːniə(r)/,adj. 为 11 或 13 岁以下儿童设立的；地位低下的,unlearned,未填,拼写错误,junior正确拼写,,pending,,,0,,,
,junior high school,/ˈdʒuːniə haɪ skuːl/,(美国和加拿大) 初级中学（英式音标）,unlearned,未填,拼写错误,junior high school正确拼写,,pending,,,0,,,
,trouble,/ˈtrʌbl/,n. 问题；困难；困境,unlearned,truble,拼写错误,trouble=trou+ble,,pending,,,0,,,
,advise,/ədˈvaɪz/,v. 劝告；建议,unlearned,advice,词形变化,advise(动词)!=advice(名词),,pending,,,0,,,
,disappointed,/ˌdɪsəˈpɔɪntɪd/,adj. 失望的；沮丧的,unlearned,disapointed,漏字母,disappointed双p,,pending,,,0,,,
,honest,/ˈɒnɪst/;/ˈɑːnɪst/,adj. 坦诚的；诚实的,unlearned,未填,拼写错误,honest正确拼写,,pending,,,0,,,
,gather,/ˈɡæðə(r)/,v. 收拢；聚集；集合；搜集,unlearned,未填,拼写错误,gather正确拼写,,pending,,,0,,,
,courage,/ˈkʌrɪdʒ/;/ˈkɜːrɪdʒ/,n. 勇气；勇敢,unlearned,未填,拼写错误,courage正确拼写,,pending,,,0,,,
,survive,/speə(r)/;/sper/,v. 抽出；留出；,unlearned,未填,拼写错误,survive正确拼写,,pending,,,0,,,
,cellphone,/ˈselfəʊn/,n. 手机；移动电话,unlearned,未填,拼写错误,cellphone正确拼写,,pending,,,0,,,
,careless,/ˈkeələs/;/ˈkerləs/,adj. 粗心的；不小心的；不仔细的,unlearned,未填,拼写错误,careless正确拼写,,pending,,,0,,,
,joy,/dʒɔɪ/,n. 喜悦；乐趣,unlearned,未填,拼写错误,joy正确拼写,,pending,,,0,,,
,comfortable,/ˈkʌmftəbl/,adj. 舒服的，安逸的;舒适的;自在的,unlearned,未填,拼写错误,comfortable正确拼写,,pending,,,0,,,
,youth,/juːθ/,n. 青年时期 (尤指成年以前)；,unlearned,young,词义混淆,youth(青年)!=young(年轻的),,pending,,,0,,,
,surprised,/səˈpraɪzd/;/sərˈpraɪzd/,adj. 惊奇的；惊讶的,unlearned,supriced,拼写错误,surprised=sur+prised,,pending,,,0,,,
,luckily,/ˈlʌkɪli/,adv. 幸好；幸运地,unlearned,luckly,漏字母,luckily=lucky+ly,,pending,,,0,,,
,relationship,/rɪˈleɪʃnʃɪp/,n. 关系；联系；关联,unlearned,未填,拼写错误,relationship正确拼写,,pending,,,0,,,
,accept,/əkˈsept/,v. 接受,unlearned,accpet,字母颠倒,accept=ac+cept,,pending,,,0,,,
,anymore,/ˌeniˈmɔː(r)/;/ˌeniˈmɔːr/,adv. 再也 (不)；(不) 再,unlearned,未填,拼写错误,anymore正确拼写,,pending,,,0,,,
,review,/rɪˈvjuː/,v. & n. 复习,unlearned,未填,拼写错误,review正确拼写,,pending,,,0,,,
,similar,/ˈsɪmələ(r)/,adj. 相仿的；类似的,unlearned,未填,拼写错误,similar正确拼写,,pending,,,0,,,
,lie,/laɪ/,v. 位于，坐落在；躺，平躺,unlearned,lay,近形混淆,lie(位于)!=lay(放置),,pending,,,0,,,
,province,/'prɒvɪns/;/'prɑːvɪns/,n. 省份,unlearned,provins,拼写错误,province=pro+vince,,pending,,,0,,,
,ceremony,/'serəməni/;/'serəmoʊni/,n. 仪式；典礼,unlearned,未填写,拼写错误,ceremony正确拼写,,pending,,,0,,,
,Olympics,/ə'lɪmpiks/,n. 奥林匹克运动会；奥运会,unlearned,未填写,拼写错误,Olympics正确拼写,,pending,,,0,,,
,central,/'sentrəl/,adj. 在中心的；中央的,unlearned,centrel,元音错误,central=cen+tral,,pending,,,0,,,
,palace,/'pæləs/,n. 王宫；宫殿,unlearned,未填,拼写错误,palace正确拼写,,pending,,,0,,,
,lotus,/ˈləʊtəs/,n. 莲属植物,unlearned,未填,拼写错误,lotus正确拼写,,pending,,,0,,,
,culture,/ˈkʌltʃə(r)/,n. 文化,unlearned,未填,拼写错误,culture正确拼写,,pending,,,0,,,
,cultural,/ˈkʌltʃərəl/,adj. 文化的；与文化有关的,unlearned,未填,拼写错误,cultural正确拼写,,pending,,,0,,,
,interest,/ˈɪntrəst; ˈɪntrest/,n. 吸引力；兴趣,unlearned,未填,拼写错误,interest正确拼写,,pending,,,0,,,
,average,/ˈævərɪdʒ/,n. 平均数；adj. 平均的,unlearned,未填,拼写错误,average正确拼写,,pending,,,0,,,
,heaven,/ˈhevn/,n. 天堂,unlearned,未填,拼写错误,heaven正确拼写,,pending,,,0,,,
,below,/bɪˈləʊ/,adv. 在 (或到) 下面；,unlearned,未填,拼写错误,below正确拼写,,pending,,,0,,,
,whole,/həʊl/,adj. 全部的；整体的,unlearned,howl,近形混淆,whole(全部)!=howl(嚎叫),,pending,,,0,,,
,material,/məˈtɪəriəl;/məˈtɪriəl/,n. 材料,unlearned,未填,拼写错误,material正确拼写,,pending,,,0,,,
,surely,/ˈʃʊəli/;/ˈʃʊrli/,adv. 无疑；必定；想必,unlearned,未填,拼写错误,surely正确拼写,,pending,,,0,,,
,performingarts,/pəˈfɔːmɪŋ ɑːts/,n. (pl.) 表演艺术（英式音标）,unlearned,未填,拼写错误,performingarts正确拼写,,pending,,,0,,,
,dining,/ˈdaɪnɪŋ/,n. 用餐,unlearned,dinning,多字母,dining单n,,pending,,,0,,,
,vacation,/veɪˈkeɪʃn;vəˈkeɪʃn /,n. (学校的) 假期,unlearned,未填,拼写错误,vacation正确拼写,,pending,,,0,,,
,terrace,/ˈterəs/,n. 梯田；排屋；阳台,unlearned,未填,拼写错误,terrace正确拼写,,pending,,,0,,,
,view,/vjuː/,n. 景色，风景；视野,unlearned,vuse,拼写错误,view=vi+ew,,pending,,,0,,,
,countryside,/ˈkʌntrisaɪd/,n. 乡村,unlearned,未填,拼写错误,countryside正确拼写,,pending,,,0,,,
,system,/ˈsɪstəm/,n. 系统；体制,unlearned,未填,拼写错误,system正确拼写,,pending,,,0,,,
,unusual,/ʌnˈjuːʒuəl; ʌnˈjuːʒəl/,adj. 特别的，不寻常的,unlearned,未填,拼写错误,unusual正确拼写,,pending,,,0,,,
,lean,/liːn/,v. 倾斜,unlearned,line,近形混淆,lean(倾斜)!=line(线),,pending,,,0,,,
,base,/beɪs/,n. 底部，根基；基地,unlearned,未填,拼写错误,base正确拼写,,pending,,,0,,,
,firm,/fɜːm/;/fɜːrm/,adj. 牢固的，稳固的；坚固的,unlearned,未填,拼写错误,firm正确拼写,,pending,,,0,,,
,hostess,/ˈhəʊstəs/,n. 女房东；女主持人,unlearned,未填,拼写错误,hostess正确拼写,,pending,,,0,,,
,expect,/ɪkˈspekt/,v. 期待；预计；要求；指望,unlearned,未填,拼写错误,expect正确拼写,,pending,,,0,,,
,forward,/ˈfɔːwəd/;/ˈfɔːrwərd/,adv. 往后；向前,unlearned,未填,拼写错误,forward正确拼写,,pending,,,0,,,
,Indian,/'ɪndiən/,adj. 印度的,unlearned,未填,拼写错误,Indian正确拼写,,pending,,,0,,,
,soldier,/'səʊldʒə(r)/,n. 军人；(尤指) 士兵,unlearned,未填,拼写错误,soldier正确拼写,,pending,,,0,,,
,quickly,/'kwɪkli/,adv. 迅速地；很快地,unlearned,未填,拼写错误,quickly正确拼写,,pending,,,0,,,
,watchtower,/'wɒtʃtaʊə(r)/;/'wɑːtʃtaʊər/,n. 瞭望塔；岗楼,unlearned,未填,拼写错误,watchtower正确拼写,,pending,,,0,,,
,wisdom,/'wɪzdəm/,n. 智慧；才智,unlearned,wisedem,拼写错误,wisdom=wis+dom,,pending,,,0,,,
,trade,/treɪd/,n. 贸易,unlearned,未填,拼写错误,trade正确拼写,,pending,,,0,,,
,route,/ruːt/;/raʊt/,n. 路线；路途；常规路线,unlearned,未填,拼写错误,route正确拼写,,pending,,,0,,,
,nation,/'neɪʃn/,n. 国家；民族,unlearned,naition,多字母,nation=na+tion,,pending,,,0,,,
,site,/saɪt/,n. 地点，位置；现场；站点,unlearned,未填,拼写错误,site正确拼写,,pending,,,0,,,
,emperor,/'empərə(r)/,n. 皇帝,unlearned,未填,拼写错误,emperor正确拼写,,pending,,,0,,,
,empress,/'emprəs/,n. 皇后；女皇,unlearned,未填,拼写错误,empress正确拼写,,pending,,,0,,,
,visitor,/'vɪzɪtə(r)/,n. 来访者；游客,unlearned,未填,拼写错误,visitor正确拼写,,pending,,,0,,,
,tea,/tiː/,n. 茶 (水); 茶叶,unlearned,未填,拼写错误,tea正确拼写,,pending,,,0,,,
,protection,/prə'tekʃn/,n. 保护；防卫,unlearned,未填,拼写错误,protection正确拼写,,pending,,,0,,,
,moment,/'rəʊmən/,n. 古罗马人；(现代的) 罗马人,unlearned,未填,拼写错误,moment正确拼写,,pending,,,0,,,
,northwest,/nɔːθ'west/,n. 西北；西北方；西北地区,unlearned,未填,拼写错误,northwest正确拼写,,pending,,,0,,,
,thick,/θɪk/,adj. 茂密的；厚的,unlearned,未填,拼写错误,thick正确拼写,,pending,,,0,,,
,natural,/'nætʃrəl/,adj. 天然的；自然的,unlearned,未填,拼写错误,natural正确拼写,,pending,,,0,,,
,beyond,/bɪ'jɒnd/;/bɪ'jɑːnd/,adv. 在另一边；在 (或向) 更远处 prep. 在 (或向)… 较远的一边；除… 外,unlearned,未填,拼写错误,beyond正确拼写,,pending,,,0,,,
,universe,/'juːnɪvɜːs/;/'juːnɪvɜːrs/,n. 宇宙,unlearned,未填,拼写错误,universe正确拼写,,pending,,,0,,,
,rocket,/'rɒkɪt/;/'rɑːkɪt/,n. 火箭,unlearned,未填,拼写错误,rocket正确拼写,,pending,,,0,,,
,satellite,/'sætəlaɪt/,n. 卫星；人造卫星,unlearned,未填,拼写错误,satellite正确拼写,,pending,,,0,,,
,object,/'ɒbdʒɪkt/;/'ɑːbdʒɪkt/,n. 物体；对象；目标；宾语,unlearned,未填,拼写错误,object正确拼写,,pending,,,0,,,
,solar,/'səʊlə(r)/,adj. 太阳的；太阳能的,unlearned,未填,拼写错误,solar正确拼写,,pending,,,0,,,
,degree,/dɪ'ɡriː/,n. 度，度数；学位,unlearned,未填,拼写错误,degree正确拼写,,pending,,,0,,,
,Celsius,/'selsiəs/,adj. 摄氏的,unlearned,未填,拼写错误,Celsius正确拼写,,pending,,,0,,,
,electricity,/ɪˌlek'trɪsəti/,n. 电；电能,unlearned,未填,拼写错误,electricity正确拼写,,pending,,,0,,,
,telescope,/'telɪskəʊp/,n. 望远镜,unlearned,未填,拼写错误,telescope正确拼写,,pending,,,0,,,
,diameter,/daɪˈæmɪtə(r)/,n. 直径,unlearned,未填,拼写错误,diameter正确拼写,,pending,,,0,,,
,asteroid,/ˈæstərɔɪd/,n. 小行星,unlearned,未填,拼写错误,asteroid正确拼写,,pending,,,0,,,
,belt,/belt/,n. 环形地带；腰带,unlearned,未填,拼写错误,belt正确拼写,,pending,,,0,,,
,separate,/ˈsepəreɪt/,v. (使) 分开；划分,unlearned,未填,拼写错误,separate正确拼写,,pending,,,0,,,
,inner,/ˈɪnə(r)/,adj. 接近中心的；内部的；内心的,unlearned,未填,拼写错误,inner正确拼写,,pending,,,0,,,
,outer,/ˈaʊtə(r)/,adj. 外围的；远离中心的；外边的,unlearned,onter,拼写错误,outer=out+er,,pending,,,0,,,
,Mercury,/ˈmɜːkjəri/;/ˈmɜːrkjəri/,n. 水星,unlearned,未填,拼写错误,Mercury正确拼写,,pending,,,0,,,
,Venus,/ˈviːnəs/,n. 金星；太白星,unlearned,未填,拼写错误,Venus正确拼写,,pending,,,0,,,
,Mars,/mɑːz/;/mɑːrz/,n. 火星,unlearned,未填,拼写错误,Mars正确拼写,,pending,,,0,,,
,include,/ɪnˈkluːd/,v. 包括；包含,unlearned,未填,拼写错误,include正确拼写,,pending,,,0,,,
,Jupiter,/ˈdʒuːpɪtə(r)/,n. 木星,unlearned,未填,拼写错误,Jupiter正确拼写,,pending,,,0,,,
,Saturn,/ˈsætɜːn/;/ˈsætɜːrn/,n. 土星,unlearned,未填,拼写错误,Saturn正确拼写,,pending,,,0,,,
,Uranus,/ˈjʊərənəs/;/ˈjʊrənəs/,n. 天王星,unlearned,未填,拼写错误,Uranus正确拼写,,pending,,,0,,,
,Neptune,/ˈneptjuːn/,n. 海王星,unlearned,未填,拼写错误,Neptune正确拼写,,pending,,,0,,,
,rock,/rɒk/;/rɑːk/,n. 岩石；摇滚乐,unlearned,未填,拼写错误,rock正确拼写,,pending,,,0,,,
,gas,/ɡæs/,n. 气体；天然气,unlearned,未填,拼写错误,gas正确拼写,,pending,,,0,,,
,inside,/ˌɪnˈsaɪd/,adv. 在 (或向) 里面；,unlearned,未填,拼写错误,inside正确拼写,,pending,,,0,,,
,least,/liːst/,adv. 最少；最小,unlearned,list,近形混淆,least(最少)!=list(清单),,pending,,,0,,,
,power,/ˈpaʊə(r)/,n. 能量；控制力; 影响力; 电力供应,unlearned,未填,拼写错误,power正确拼写,,pending,,,0,,,
,mainly,/ˈmeɪnli/,adv. 主要地；首要地,unlearned,manily,拼写错误,mainly=main+ly,,pending,,,0,,,
,neither,/ˈniːðər;ˈnaɪðər/,adv. 也不；det. & pron. 两者都不,unlearned,未填,拼写错误,neither正确拼写,,pending,,,0,,,
,nor,/nɔː(r)/,conj. & adv. 也不,unlearned,未填,拼写错误,nor正确拼写,,pending,,,0,,,
,minus,/ˈmaɪnəs/,prep. 零下,unlearned,未填,拼写错误,minus正确拼写,,pending,,,0,,,
,alive,/əˈlaɪv/,adj. 活着；在世,unlearned,未填,拼写错误,alive正确拼写,,pending,,,0,,,
,responsibility,/rɪˌspɒnsəˈbɪləti/;/rɪˌspɑːnsəˈbɪləti/,n. 责任；负责,unlearned,未填,拼写错误,responsibility正确拼写,,pending,,,0,,,
,related,/rɪˈleɪtɪd/,adj. 相关的；有联系的,unlearned,未填,拼写错误,related正确拼写,,pending,,,0,,,
,exploration,/ˌekspləˈreɪʃn/,n. 探索；勘探,unlearned,未填,拼写错误,exploration正确拼写,,pending,,,0,,,
,industry,/ˈɪndəstri/,n. 工业；生产制造,unlearned,未填,拼写错误,industry正确拼写,,pending,,,0,,,
,due,/djuː/;/duː/,adj. 由于；因为,unlearned,未填,拼写错误,due正确拼写,,pending,,,0,,,
,valley,/ˈvæli/,n. 山谷,unlearned,vallage,拼写错误,valley=va+lley,,pending,,,0,,,
,although,/ɔːl'ðəʊ/,conj. 虽然；尽管；即便,unlearned,through,近形混淆,although(虽然)!=through(通过),,pending,,,0,,,
,common,/'kɒmən/;/'kɑːmən/,n. 公地,unlearned,未填写,拼写错误,common正确拼写,,pending,,,0,,,
,file,/faɪl/,n. 档案；卷宗；文件夹,unlearned,fail,近形混淆,file(档案)!=fail(失败),,pending,,,0,,,
,strange,/streɪndʒ/,adj. 奇怪的；奇特的,unlearned,未填,拼写错误,strange正确拼写,,pending,,,0,,,
,comet,/'kɒmɪt/;/'kɑːmɪt/,n. 彗星,unlearned,未填,拼写错误,comet正确拼写,,pending,,,0,,,
,snowball,/'snəʊbɔːl/,n. 雪球,unlearned,snowboll,多字母,snowball双l,,pending,,,0,,,
,Pluto,/'pluːtəʊ/,n. 冥王星,unlearned,未填,拼写错误,Pluto正确拼写,,pending,,,0,,,
,experiment,/ɪkˈsperɪmənt/,n. 实验,unlearned,expriment,漏字母,完整单词为 experiment，你漏了字母,,pending,,,0,,,
,pizza,/piːtsə/,n. 比萨饼；意大利肉饼,unlearned,pizze,拼写错误,注意pizza的正确拼写,,pending,,,0,,,
,programme,/ˈprəʊɡræm/(program AmE),n. 节目,unlearned,program,漏字母,完整单词为 programme，你少了几个字母,,pending,,,0,,,
,repeat,/rɪˈpiːt/,v. 复述，跟读；重复；重写,unlearned,repreat,多字母,单词拼写为 repeat，多写了一些字母,,pending,,,0,,,
,disappoint,/ˌdɪsəˈpɔɪnt/,v. 使失望,unlearned,disappoint,拼写错误,记忆：disap + point,,pending,,,0,,,
,imagine,/ɪˈmædʒɪn/,v. 想象,unlearned,imaadime,多字母,单词拼写为 imagine，多写了一些字母,,pending,,,0,,,
,educator,/ˈedʒukeɪtə(r)/,n. 教育学家；教育家；教育工作者,unlearned,edukate,漏字母,完整单词为 educator，你漏了字母,,pending,,,0,,,
,master,/ˈmɑːstə(r)/; /ˈmæstər/,n. 大师,unlearned,marster,多字母,单词拼写为 master，多写了一些字母,,pending,,,0,,,
,private,/ˈpraɪvət/,adj. 私立的；私营的,unlearned,privet,漏字母,完整单词为 private，你漏了字母,,pending,,,0,,,
,increase,/ɪnˈkriːs/; /ˈɪŋkriːs/,v.（使）增长，增多，增加；,unlearned,incress,漏字母,完整单词为 increase，你漏了字母,,pending,,,0,,,
,foreign,/ˈfɒrən/; /ˈfɔːrən/,adj. 外国的；涉外的,unlearned,foren,拼写错误,注意对比 foreign 和 foren 的差异,,pending,,,0,,,
,else,/els/,adv. 其他的；另外的,unlearned,els,漏字母,完整单词为 else，你少了几个字母,,pending,,,0,,,
,memorize,/ˈmeməraɪz/,v. 记忆；记住,unlearned,memerise,拼写错误,注意对比 memorize 和 memerise 的差异,,pending,,,0,,,
,poor,/pɔː(r)/; /pɔːr/,adj. 贫穷的；差的；可怜的,unlearned,pour,拼写错误,注意poor的正确拼写,,pending,,,0,,,
,effort,/ˈefət/; /ˈefərt/,n. 努力；试图,unlearned,efcet,漏字母,完整单词为 effort，你漏了字母,,pending,,,0,,,
,stick,/stɪk/,v. 粘贴；卡住；n. 枝条；枯枝,unlearned,stik,漏字母,完整单词为 stick，你漏了字母,,pending,,,0,,,
,pound,/paʊnd/,n. 英镑；磅,unlearned,pround,多字母,单词拼写为 pound，多写了一些字母,,pending,,,0,,,
,mutton,/ˈmʌtn/,n. 羊肉,unlearned,monton,漏字母,注意mutton中的双写字母,,pending,,,0,,,
,cheese,/tʃiːz/,n. 干酪；奶酪,unlearned,choose,漏字母,注意cheese中的双写字母,,pending,,,0,,,
,porridge,/ˈpɒrɪdʒ/; /ˈpɔːrɪdʒ/,n. 粥,unlearned,poridge,漏字母,完整单词为 porridge，你漏了字母,,pending,,,0,,,
,convenient,/kənˈviːniənt/,adj. 便利的；方便的,unlearned,convinet,拼写错误,注意对比 convenient 和 convinet 的差异,,pending,,,0,,,
,wallet,/ˈwɒlɪt/; /ˈwɑːlɪt/,n. 钱包,unlearned,walt,漏字母,注意wallet中的双写字母,,pending,,,0,,,
,directly,/dəˈrektli/,adv. 直接；径直,unlearned,derectly,拼写错误,注意directly的正确拼写,,pending,,,0,,,
,shell,/ʃel/,n. 壳,unlearned,shall,拼写错误,注意shell的正确拼写,,pending,,,0,,,
,warring,/ˈwɔːrɪŋ/,adj. 战争的；交战的；敌对的,unlearned,worring,拼写错误,注意warring的正确拼写,,pending,,,0,,,
,metal,/ˈmetl/,n. 金属,unlearned,metil,拼写错误,注意metal的正确拼写,,pending,,,0,,,
,piggy,/ˈpɪɡi/,adj. 像猪一样的；n. 小猪,unlearned,pigy,漏字母,完整单词为 piggy，你漏了字母,,pending,,,0,,,
,wastepaper,/ˈweɪstpeɪpə(r)/;/ˈweɪstpeɪpər/,n. 废纸,unlearned,wastpaper,漏字母,完整单词为 wastepaper，你漏了字母,,pending,,,0,,,
,earthquake,/ˈɜːθkweɪk/; /ˈɜːrθkweɪk/,n. 地震,unlearned,earthwake,漏字母,完整单词为 earthquake，你漏了字母,,pending,,,0,,,
,typhoon,/taɪˈfuːn/,n. 台风,unlearned,tyhoon,漏字母,完整单词为 typhoon，你漏了字母,,pending,,,0,,,
,flood,/flʌd/,n. 洪水；水灾,unlearned,fvood,拼写错误,注意flood的正确拼写,,pending,,,0,,,
,coastal,/ˈkəʊstl/,adj. 沿海的；靠近海岸的,unlearned,coastl,漏字母,完整单词为 coastal，你漏了字母,,pending,,,0,,,
,tape,/teɪp/,n. 胶带；胶条；磁带,unlearned,type,拼写错误,注意tape的正确拼写,,pending,,,0,,,
,scared,/skeəd/; /skerd/,adj. 害怕；恐惧,unlearned,scrad,漏字母,完整单词为 scared，你漏了字母,,pending,,,0,,,
,account,/əˈkaʊnt/,n. 账户,unlearned,acount,漏字母,完整单词为 account，你漏了字母,,pending,,,0,,,
,virus,/ˈvaɪrəs/,n.（计算机程序中的）病毒,unlearned,vius,漏字母,完整单词为 virus，你漏了字母,,pending,,,0,,,
,possibility,/ˌpɒsəˈbɪləti/;,n. 可能性,unlearned,possiblety,漏字母,完整单词为 possibility，你漏了字母,,pending,,,0,,,
,disappear,/ˌdɪsəˈpɪə(r)/; /ˌdɪsəˈpɪr/,v. 消失,unlearned,disapear,漏字母,完整单词为 disappear，你漏了字母,,pending,,,0,,,
,kungfu,,n. 功夫,unlearned,kongfu,拼写错误,注意kungfu的正确拼写,,pending,,,0,,,
,talented,/ˈtæləntɪd/,adj. 有才能的；天才的,unlearned,tanlanted,多字母,单词拼写为 talented，多写了一些字母,,pending,,,0,,,
,bravely,/ˈbreɪvli/,adv. 勇敢地,unlearned,bravey,漏字母,完整单词为 bravely，你漏了字母,,pending,,,0,,,
,monitor,/ˈmɒnɪtə(r)/; /ˈmɑːnɪtər/,v. 监测；监视；监控；监听；,unlearned,monniter,多字母,单词拼写为 monitor，多写了一些字母,,pending,,,0,,,
,grand,/ɡrænd/,adj. 宏大的；壮丽的；堂皇的,unlearned,ground,多字母,单词拼写为 grand，多写了一些字母,,pending,,,0,,,
,movement,/ˈmuːvmənt/,n. 移动；运动；转移；迁移,unlearned,moviement,多字母,单词拼写为 movement，多写了一些字母,,pending,,,0,,,
,beauty,/ˈbjuːti/,n. 美；美丽,unlearned,beauti,拼写错误,注意beauty的正确拼写,,pending,,,0,,,
,tale,/teɪl/,n. 故事,unlearned,tail,拼写错误,注意对比 tale 和 tail 的差异,,pending,,,0,,,
,handsome,/ˈhænsəm/,adj. 英俊的；有魅力的,unlearned,hansome,漏字母,完整单词为 handsome，你漏了字母,,pending,,,0,,,
,bully,/ˈbʊli/,v. 恐吓；伤害；胁迫,unlearned,bouly,漏字母,注意bully中的双写字母,,pending,,,0,,,
,tiring,/ˈtaɪərɪŋ/,adj. 令人困倦的；使人劳累的；累人的,unlearned,tireing,多字母,单词拼写为 tiring，多写了一些字母,,pending,,,0,,,
,bored,/bɔːd/; /bɔːrd/,adj. 厌倦的；烦闷的,unlearned,broad,拼写错误,注意对比 bored 和 broad 的差异,,pending,,,0,,,
,romance,/rəʊˈmæns/; /roʊˈmæns/,n. 传奇故事；爱情故事；浪漫氛围,unlearned,rowmance,多字母,单词拼写为 romance，多写了一些字母,,pending,,,0,,,
,romantic,/rəʊˈmæntɪk/,adj. 浪漫主义,unlearned,rowmantick,拼写错误,注意对比 romantic 和 rowmantick 的差异,,pending,,,0,,,
,chemistry,/ˈkemɪstri/,n. 化学,unlearned,(未填写),未填写,需重点记忆,,pending,,,0,,,
,pronunciation,/prəˌnʌnsiˈeɪʃn/,n. 发音；读音,unlearned,(未填写),未填写,需重点记忆,,pending,,,0,,,
,state,/steɪt/,n. 国家；州；状态,unlearned,(未填写),未填写,需重点记忆,,pending,,,0,,,
,thought,/θɔːt/,n. 思想；想法；看法,unlearned,(未填写),未填写,需重点记忆,,pending,,,0,,,
,etc.,/etˈsetərə/,abbr. 以及诸如此类，以及其他，等等,unlearned,(未填写),未填写,需重点记忆,,pending,,,0,,,
,digital,/ˈdɪdʒɪtl/,adj. 数字的；数码的,unlearned,(未填写),未填写,需重点记忆,,pending,,,0,,,
,education,/ˌedʒuˈkeɪʃn/,n.（尤指学校）教育,unlearned,(未填写),未填写,需重点记忆,,pending,,,0,,,
,suppose,/səˈpəʊz/,v. 假定；假设；推断,unlearned,(未填写),未填写,需重点记忆,,pending,,,0,,,
,educational,/ˌedʒuˈkeɪʃnəl/,adj. 教育的；有关教育的,unlearned,(未填写),未填写,需重点记忆,,pending,,,0,,,
,satisfy,/ˈsætɪsfaɪ/,v. 使满足；使满意,unlearned,(未填写),未填写,需重点记忆,,pending,,,0,,,
,socialism,/ˈsəʊʃəlɪzəm/,n. 社会主义,unlearned,(未填写),未填写,需重点记忆,,pending,,,0,,,
,dictionary,/ˈdɪkʃənri/; /ˈdɪkʃəneri/,n. 词典；字典,unlearned,(未填写),未填写,需重点记忆,,pending,,,0,,,
,discussion,/dɪˈskʌʃn/,n. 讨论；商讨,unlearned,(未填写),未填写,需重点记忆,,pending,,,0,,,
,serious,/ˈsɪəriəs/; /ˈsɪriəs/,adj. 严重的；严肃的,unlearned,(未填写),未填写,需重点记忆,,pending,,,0,,,
,actually,/ˈæktʃuəli/,adv. 事实上；实际上,unlearned,(未填写),未填写,需重点记忆,,pending,,,0,,,
,college,/ˈkɒlɪdʒ/; /ˈkɑːlɪdʒ/,n.（美国）大学；（英国）学院,unlearned,(未填写),未填写,需重点记忆,,pending,,,0,,,
,graduate,/ˈɡrædʒueɪt/; /ˈɡrædʒuət/,v. 毕业；n. 毕业生,unlearned,(未填写),未填写,需重点记忆,,pending,,,0,,,
,predict,/prɪˈdɪkt/,v. 实现；意识到,unlearned,(未填写),未填写,需重点记忆,,pending,,,0,,,
,euro,/ˈjʊərəʊ/; /ˈjʊroʊ/,n. 欧元,unlearned,(未填写),未填写,需重点记忆,,pending,,,0,,,
,foreigner,/ˈfɒrənə(r)/; /ˈfɔːrənər/,n. 外国人,unlearned,(未填写),未填写,需重点记忆,,pending,,,0,,,
,unit,/ˈjuːnɪt/,n. 单位；单元,unlearned,(未填写),未填写,需重点记忆,,pending,,,0,,,
,persuade,/pəˈsweɪd/; /pərˈsweɪd/,v. 使信服；使相信,unlearned,(未填写),未填写,需重点记忆,,pending,,,0,,,
,entertain,/ˌentəˈteɪn/; /ˌentərˈteɪn/,v. 使快乐；娱乐,unlearned,(未填写),未填写,需重点记忆,,pending,,,0,,,
,resource,/rɪˈsɔːs/; /rɪˈsɔːrs/,n. 资源；财力,unlearned,(未填写),未填写,需重点记忆,,pending,,,0,,,
,continue,/kənˈtɪnjuː/,v. 继续说；持续，继续做,unlearned,(未填写),未填写,需重点记忆,,pending,,,0,,,
,case,/keɪs/,n. 情况；事例,unlearned,(未填写),未填写,需重点记忆,,pending,,,0,,,
,rope,/rəʊp/,n. 粗绳；绳索,unlearned,(未填写),未填写,需重点记忆,,pending,,,0,,,
,technology,/tekˈnɒlədʒi/; /tekˈnɑːlədʒi/,n. 技术；工艺,unlearned,(未填写),未填写,需重点记忆,,pending,,,0,,,
,exist,/ɪɡˈzɪst/,v. 存在；实际上有,unlearned,(未填写),未填写,需重点记忆,,pending,,,0,,,
,covering,/ˈkʌvərɪŋ/,n.（一层）覆盖层，遮盖物,unlearned,(未填写),未填写,需重点记忆,,pending,,,0,,,
,situation,/ˌsɪtʃuˈeɪʃn/,n. 情况；状况；形势,unlearned,(未填写),未填写,需重点记忆,,pending,,,0,,,
,economy,/ɪˈkɒnəmi/; /ɪˈkɑːnəmi/,n. 经济；经济情况,unlearned,(未填写),未填写,需重点记忆,,pending,,,0,,,
,blouse,/blaʊz/; /blaʊs/,n.（女式）短上衣，衬衫,unlearned,(未填写),未填写,需重点记忆,,pending,,,0,,,
,unnecessary,/ʌnˈnesəsəri/; /ʌnˈnesəseri/,adj. 不需要的；不必要的；多余的,unlearned,(未填写),未填写,需重点记忆,,pending,,,0,,,
,total,/ˈtəʊtl/,adj. 总的；n. 总计,unlearned,(未填写),未填写,需重点记忆,,pending,,,0,,,
,magazine,/ˌmæɡəˈziːn/; /ˌmæɡəˈziːn/,n. 杂志,unlearned,(未填写),未填写,需重点记忆,,pending,,,0,,,
,university,/ˌjuːnɪˈvɜːsəti/;/ˌjuːnɪˈvɜːrsəti/,n. 大学,unlearned,(未填写),未填写,需重点记忆,,pending,,,0,,,
,basic,/ˈbeɪsɪk/,adj. 基本的；基础的；初级的；必需的,unlearned,(未填写),未填写,需重点记忆,,pending,,,0,,,
,graduation,/ˌɡrædʒuˈeɪʃn/,n. 毕业；毕业典礼,unlearned,(未填写),未填写,需重点记忆,,pending,,,0,,,
,necessary,/ˈnesəsəri/; /ˈnesəseri/,adj. 必要的；必需的,unlearned,(未填写),未填写,需重点记忆,,pending,,,0,,,
,therefore,/ˈðeəfɔː(r)/; /ˈðerfɔːr/,adv. 因此；所以；因而,unlearned,(未填写),未填写,需重点记忆,,pending,,,0,,,
,society,/səˈsaɪəti/,n. 社会,unlearned,(未填写),未填写,需重点记忆,,pending,,,0,,,
,responsible,/rɪˈspɒnsəbl/; /rɪˈspɑːnsəbl/,adj. 有责任；负责；承担义务,unlearned,(未填写),未填写,需重点记忆,,pending,,,0,,,
,silly,/ˈsɪli/,adj. 愚蠢的；傻的,unlearned,(未填写),未填写,需重点记忆,,pending,,,0,,,
,goose,/ɡuːs/,n. 鹅,unlearned,(未填写),未填写,需重点记忆,,pending,,,0,,,
,golden,/ˈɡəʊldən/,adj. 金质的；金色的,unlearned,(未填写),未填写,需重点记忆,,pending,,,0,,,
,upon,/əˈpɒn/；/əˈpɑːn/,prep. 在……之上；在……时候,unlearned,(未填写),未填写,需重点记忆,,pending,,,0,,,
,lay,/leɪ/,v. 下（蛋），产（卵）,unlearned,(未填写),未填写,需重点记忆,,pending,,,0,,,
,basket,/ˈbɑːskɪt/；/ˈbæskɪt/,n. 篮子,unlearned,(未填写),未填写,需重点记忆,,pending,,,0,,,
,kill,/kɪl/,v. 杀死,unlearned,(未填写),未填写,需重点记忆,,pending,,,0,,,
,disappointment,/ˌdɪsəˈpɔɪntmənt/,n. 失望；沮丧；扫兴,unlearned,(未填写),未填写,需重点记忆,,pending,,,0,,,
,elsewhere,/ˌelsˈweə(r)/; /ˌelsˈwer/,adv. 在（或去、到）别处,unlearned,(未填写),未填写,需重点记忆,,pending,,,0,,,
,hurricane,/ˈhʌrɪkən/; /ˈhɜːrəkən/,n. 飓风,unlearned,(未填写),未填写,需重点记忆,,pending,,,0,,,
,reasonable,/ˈriːznəbl/,adj. 明智的；合理的,unlearned,(未填写),未填写,需重点记忆,,pending,,,0,,,
,deadly,/ˈdedli/,adj. 致命的，致死的,unlearned,(未填写),未填写,需重点记忆,,pending,,,0,,,
,disease,/dɪˈziːz/,n. 病；疾病,unlearned,(未填写),未填写,需重点记忆,,pending,,,0,,,
,waterway,/ˈwɔːtəweɪ/,n. 水路；航道,unlearned,(未填写),未填写,需重点记忆,,pending,,,0,,,
,preparation,/ˌprepəˈreɪʃn/,n. 准备；准备工作,unlearned,(未填写),未填写,需重点记忆,,pending,,,0,,,
,flashlight,/ˈflæʃlaɪt/,n. 手电筒,unlearned,(未填写),未填写,需重点记忆,,pending,,,0,,,
,danger,/ˈdeɪndʒə(r)/,n. 危险；风险,unlearned,(未填写),未填写,需重点记忆,,pending,,,0,,,
,emergency,/ɪˈmɜːdʒənsi/;/ɪˈmɜːrdʒənsi/,n. 紧急情况；突发事件,unlearned,(未填写),未填写,需重点记忆,,pending,,,0,,,
,kit,/kɪt/,n. 成套工具；成套设备,unlearned,(未填写),未填写,需重点记忆,,pending,,,0,,,
,aftershock,/ˈɑːftəʃɒk/; /ˈɑːftərʃɑːk/,n.（地震后的）余震,unlearned,(未填写),未填写,需重点记忆,,pending,,,0,,,
,storm,/stɔːm/,n. 暴风雨,unlearned,(未填写),未填写,需重点记忆,,pending,,,0,,,
,thunder,/ˈθʌndə(r)/,n. 雷；雷声,unlearned,(未填写),未填写,需重点记忆,,pending,,,0,,,
,lightning,/ˈlaɪtnɪŋ/,n. 闪电,unlearned,(未填写),未填写,需重点记忆,,pending,,,0,,,
,quake,/kweɪk/,n. 地震；震动；颤动,unlearned,(未填写),未填写,需重点记忆,,pending,,,0,,,
,prevention,/prɪˈvenʃn/,n. 预防；防止,unlearned,(未填写),未填写,需重点记忆,,pending,,,0,,,
,perform,/pəˈfɔːm/; /pərˈfɔːrm/,v. 工作，运转（好/不好）；演出；表演,unlearned,(未填写),未填写,需重点记忆,,pending,,,0,,,
,superstorm,/ˈsuːpəstɔːm/;,n. 超级风暴（一种大型的、异常发生的破坏性风暴）,unlearned,(未填写),未填写,需重点记忆,,pending,,,0,,,
,hillside,/ˈhɪlsaɪd/,n. 小山坡,unlearned,(未填写),未填写,需重点记忆,,pending,,,0,,,
,roof,/ruːf/,n. 屋顶；顶部,unlearned,(未填写),未填写,需重点记忆,,pending,,,0,,,
,painful,/ˈpeɪnfl/,adj. 令人疼痛的,unlearned,(未填写),未填写,需重点记忆,,pending,,,0,,,
,clothing,/ˈkləʊðɪŋ/,n. 衣服；（尤指某种）服装,unlearned,(未填写),未填写,需重点记忆,,pending,,,0,,,
,ahead,/əˈhed/,"adv.在前面, (时间、空间)向前; 提前; 预先",unlearned,(未填写),未填写,需重点记忆,,pending,,,0,,,
,passage,/ˈpæsɪdʒ/,n. 通道；走廊；章节；段落,unlearned,(未填写),未填写,需重点记忆,,pending,,,0,,,
,pour,/pɔː(r)/,v.（雨）倾盆而下；倒出,unlearned,(未填写),未填写,需重点记忆,,pending,,,0,,,
,pale,/peɪl/,adj. 苍白的；v. 变苍白,unlearned,(未填写),未填写,需重点记忆,,pending,,,0,,,
,towel,/ˈtaʊəl/,n. 毛巾；手巾；抹布；纸巾,unlearned,(未填写),未填写,需重点记忆,,pending,,,0,,,
,coal,/kəʊl/,n. 煤,unlearned,(未填写),未填写,需重点记忆,,pending,,,0,,,
,global,/ˈɡləʊbl/,adj. 全球的；全世界的,unlearned,(未填写),未填写,需重点记忆,,pending,,,0,,,
,several,/ˈsevərəl/,det.&pron. 几个；数个,unlearned,(未填写),未填写,需重点记忆,,pending,,,0,,,
,recent,/ˈriːsnt/,adj. 近来的；新近的,unlearned,(未填写),未填写,需重点记忆,,pending,,,0,,,
,seriously,/ˈsɪəriəsli/; /ˈsɪriəsli/,adv. 严重地；严肃地；认真地,unlearned,(未填写),未填写,需重点记忆,,pending,,,0,,,
,injured,/ˈɪndʒəd/; /ˈɪndʒərd/,adj. 受伤的；有伤的,unlearned,(未填写),未填写,需重点记忆,,pending,,,0,,,
,physically,/ˈfɪzɪkli/,adv. 身体上；肉体上,unlearned,(未填写),未填写,需重点记忆,,pending,,,0,,,
,social,/ˈsəʊʃl/,adj. 社交的；交际的；社会的；社会性的,unlearned,(未填写),未填写,需重点记忆,,pending,,,0,,,
,whatever,/wɒtˈevə(r)/; /wʌtˈevər/,det.&pron. 一切事物; 无论什么，不管什么,unlearned,(未填写),未填写,需重点记忆,,pending,,,0,,,
,collection,/kəˈlekʃn/,n. 收集物，收藏品；一批物品；一群人,unlearned,(未填写),未填写,需重点记忆,,pending,,,0,,,
,expert,/ˈekspɜːt/; /ˈekspɜːrt/,n. 专家,unlearned,(未填写),未填写,需重点记忆,,pending,,,0,,,
,citizen,/ˈsɪtɪzn/,n. 公民；居民,unlearned,(未填写),未填写,需重点记忆,,pending,,,0,,,
,communication,/kəˌmjuːnɪˈkeɪʃn/,n. 通信；表达；交流；信息,unlearned,(未填写),未填写,需重点记忆,,pending,,,0,,,
,airport,/ˈeəpɔːt/; /ˈerpɔːrt/,n. 机场,unlearned,(未填写),未填写,需重点记忆,,pending,,,0,,,
,watchful,/ˈwɒtʃfl/; /ˈwɑːtʃfl/,adj. 警惕的；注意的；提防的,unlearned,(未填写),未填写,需重点记忆,,pending,,,0,,,
,fantastic,/fænˈtæstɪk/,adj. 极好的；了不起的,unlearned,(未填写),未填写,需重点记忆,,pending,,,0,,,
,president,/ˈprezɪdənt/,n.（机构、俱乐部、学院等的）主席，院长；总统；国家主席,unlearned,(未填写),未填写,需重点记忆,,pending,,,0,,,
,clarify,/ˈklærəfaɪ/,v. 阐明；使更清晰易懂；澄清,unlearned,(未填写),未填写,需重点记忆,,pending,,,0,,,
,clue,/kluː/,n. 线索，迹象；提示,unlearned,(未填写),未填写,需重点记忆,,pending,,,0,,,
,embroidery,/ɪmˈbrɔɪdəri/,n. 绣花；刺绣图案,unlearned,(未填写),未填写,需重点记忆,,pending,,,0,,,
,Manchu,/ˌmænˈtʃuː/; /ˈmæntʃuː/,adj. 满族的；满语的；n. 满语；满族人,unlearned,(未填写),未填写,需重点记忆,,pending,,,0,,,
,trader,/ˈtreɪdə(r)/,n. 商人,unlearned,(未填写),未填写,需重点记忆,,pending,,,0,,,
,rely,/rɪˈlaɪ/,v. 依赖；依靠,unlearned,(未填写),未填写,需重点记忆,,pending,,,0,,,
,camel,/ˈkæml/,n. 骆驼,unlearned,(未填写),未填写,需重点记忆,,pending,,,0,,,
,waterwheel,/ˈwɔːtəwiːl/; /ˈwɔːtərwiːl/,n.（尤指旧时的）水轮，水车,unlearned,(未填写),未填写,需重点记忆,,pending,,,0,,,
,canal,/kəˈnæl/,n. 运河；灌溉渠,unlearned,(未填写),未填写,需重点记忆,,pending,,,0,,,
,tense,/tens/,n. 时态,unlearned,(未填写),未填写,需重点记忆,,pending,,,0,,,
,actual,/ˈæktʃuəl/,adj. 真实的；实际的；真正的,unlearned,(未填写),未填写,需重点记忆,,pending,,,0,,,
,Korean,/kəˈriən/,adj. 朝鲜族的，朝鲜人的,unlearned,(未填写),未填写,需重点记忆,,pending,,,0,,,
,onto,/ˈɒntəʊ/; /ˈɑːntəʊ/,prep. 向，朝；朝向，面向（某个方向）,unlearned,(未填写),未填写,需重点记忆,,pending,,,0,,,
,article,/ˈɑːtɪkl/; /ˈɑːrtɪkl/,n. 文章,unlearned,(未填写),未填写,需重点记忆,,pending,,,0,,,
,oven,/ˈʌvn/,n. 烤炉；烤箱,unlearned,(未填写),未填写,需重点记忆,,pending,,,0,,,
,skin,/skɪn/,n. 皮；皮肤,unlearned,(未填写),未填写,需重点记忆,,pending,,,0,,,
,feature,/ˈfiːtʃə(r)/,n. 特征；特点；特色,unlearned,(未填写),未填写,需重点记忆,,pending,,,0,,,
,jacket,/ˈdʒækɪt/,n. 夹克衫,unlearned,(未填写),未填写,需重点记忆,,pending,,,0,,,
,characteristic,/ˌkærəktəˈrɪstɪk/,n. 特征；特点；品质；adj. 独特的,unlearned,(未填写),未填写,需重点记忆,,pending,,,0,,,
,overseas,/ˌəʊvəˈsiːz/; /ˌoʊvərˈsiːz/,adj. 海外的；外国的,unlearned,(未填写),未填写,需重点记忆,,pending,,,0,,,
,local,/ˈləʊkl/,n. 当地人；本地人；,unlearned,(未填写),未填写,需重点记忆,,pending,,,0,,,
,ink,/ɪŋk/,n. 墨水,unlearned,(未填写),未填写,需重点记忆,,pending,,,0,,,
,biography,/baɪˈɒɡrəfi/; /baɪˈɑːɡrəfi/,n. 传记；传记作品,unlearned,(未填写),未填写,需重点记忆,,pending,,,0,,,
,merchant,/ˈmɜːtʃənt/; /ˈmɜːrtʃənt/,n. 商人；商家,unlearned,(未填写),未填写,需重点记忆,,pending,,,0,,,
,translate,/trænsˈleɪt/,v. 翻译,unlearned,(未填写),未填写,需重点记忆,,pending,,,0,,,
,translation,/trænsˈleɪʃn/,n. 译文；译本；翻译；译,unlearned,(未填写),未填写,需重点记忆,,pending,,,0,,,
,mansion,/ˈmænʃn/,n. 宅第；公馆,unlearned,(未填写),未填写,需重点记忆,,pending,,,0,,,
,energetic,/ˌenəˈdʒetɪk/; /ˌenərˈdʒetɪk/,adj. 精力充沛的；充满活力的,unlearned,(未填写),未填写,需重点记忆,,pending,,,0,,,
,perhaps,/pəˈhæps/; /pərˈhæps/,adv. 也许；可能,unlearned,(未填写),未填写,需重点记忆,,pending,,,0,,,
,strategy,/ˈstrætədʒi/,n. 策略；计策；规划,unlearned,(未填写),未填写,需重点记忆,,pending,,,0,,,
,preview,/ˈpriːvjuː/,v. 概述；n. 预览,unlearned,(未填写),未填写,需重点记忆,,pending,,,0,,,
,*soup,,n. 汤；羹,unlearned,(未填写),未填写,需重点记忆,,pending,,,0,,,
,beak,/biːk/,n. 鸟喙,unlearned,(未填写),未填写,需重点记忆,,pending,,,0,,,
,jar,/dʒɑː(r)/,n.（玻璃）罐子，广口瓶,unlearned,(未填写),未填写,需重点记忆,,pending,,,0,,,
,neck,/nek/,n.（物体的）细长部分；颈部；脖子；颈,unlearned,(未填写),未填写,需重点记忆,,pending,,,0,,,
,scene,/siːn/,n. 地点，现场；场面；景象；景色,unlearned,(未填写),未填写,需重点记忆,,pending,,,0,,,
,regular,/ˈreɡjələr/,adj.常去某地的; 有规律的; 定时的; 通常的,unlearned,(未填写),未填写,需重点记忆,,pending,,,0,,,
,landlord,/ˈlændlɔːd/; /ˈlændlɔːrd/,n. 房东；业主；老板,unlearned,(未填写),未填写,需重点记忆,,pending,,,0,,,
,treasure,/ˈtreʒə(r)/,n. 财富；金银财宝；珠宝；珍宝,unlearned,(未填写),未填写,需重点记忆,,pending,,,0,,,
,leading,/ˈliːdɪŋ/,adj. 最重要的,unlearned,(未填写),未填写,需重点记忆,,pending,,,0,,,
,playwright,/ˈpleɪraɪt/,n. 剧作家,unlearned,(未填写),未填写,需重点记忆,,pending,,,0,,,
,honesty,/ˈɒnəsti/ ; /ˈaːnəsti/,n. 诚实；老实；正直,unlearned,(未填写),未填写,需重点记忆,,pending,,,0,,,
,emotion,/ɪˈməʊʃn/,n. 强烈的感情；激情；情绪,unlearned,(未填写),未填写,需重点记忆,,pending,,,0,,,
